Workbook

Sheet Overview
A1: FOOTBALL TEAMS | 2026/27
A3: Men's football / Eight domestic league systems + three UEFA competitions / Checked 11 September 2026
A4: START HERE | All Teams is the complete filterable list. Country tabs contain domestic teams only; UEFA has the three league phases.
A6: TEAM-COMPETITION ENTRIES | D6: DOMESTIC ENTRIES | G6: UEFA ENTRIES | J6: COMPETITIONS
A7: =COUNTA('All Teams'!$A$7:$A$785) -> 779 | D7: =COUNTIF('All Teams'!$G$7:$G$785,"Domestic") -> 671 | G7: =COUNTIF('All Teams'!$G$7:$G$785,"UEFA") -> 108 | J7: =COUNTA(Competitions!$B$7:$B$33) -> 27
A10: Counts are competition memberships, not unique clubs: a club may appear domestically and in UEFA. Reserve sides remain separate teams.
A11: DOMESTIC COVERAGE | I11: UEFA LEAGUE PHASE
A12: Country / league system | D12: Tier 1 | E12: Tier 2 | F12: Tier 3 | G12: Total | I12: Competition | L12: Teams
A13: England | D13: =COUNTIFS('All Teams'!$B$7:$B$785,$A13,'All Teams'!$D$7:$D$785,D$23,'All Teams'!$G$7:$G$785,"Domestic") -> 20 | E13: =COUNTIFS('All Teams'!$B$7:$B$785,$A13,'All Teams'!$D$7:$D$785,E$23,'All Teams'!$G$7:$G$785,"Domestic") -> 24 | F13: =COUNTIFS('All Teams'!$B$7:$B$785,$A13,'All Teams'!$D$7:$D$785,F$23,'All Teams'!$G$7:$G$785,"Domestic") -> 24 | G13: =SUM(D13:F13) -> 68 | I13: Champions League | L13: =COUNTIF('All Teams'!$C$7:$C$785,"UEFA Champions League") -> 36
A14: Spain | D14: =COUNTIFS('All Teams'!$B$7:$B$785,$A14,'All Teams'!$D$7:$D$785,D$23,'All Teams'!$G$7:$G$785,"Domestic") -> 20 | E14: =COUNTIFS('All Teams'!$B$7:$B$785,$A14,'All Teams'!$D$7:$D$785,E$23,'All Teams'!$G$7:$G$785,"Domestic") -> 22 | F14: =COUNTIFS('All Teams'!$B$7:$B$785,$A14,'All Teams'!$D$7:$D$785,F$23,'All Teams'!$G$7:$G$785,"Domestic") -> 40 | G14: =SUM(D14:F14) -> 82 | I14: Europa League | L14: =COUNTIF('All Teams'!$C$7:$C$785,"UEFA Europa League") -> 36
A15: Italy | D15: =COUNTIFS('All Teams'!$B$7:$B$785,$A15,'All Teams'!$D$7:$D$785,D$23,'All Teams'!$G$7:$G$785,"Domestic") -> 20 | E15: =COUNTIFS('All Teams'!$B$7:$B$785,$A15,'All Teams'!$D$7:$D$785,E$23,'All Teams'!$G$7:$G$785,"Domestic") -> 20 | F15: =COUNTIFS('All Teams'!$B$7:$B$785,$A15,'All Teams'!$D$7:$D$785,F$23,'All Teams'!$G$7:$G$785,"Domestic") -> 60 | G15: =SUM(D15:F15) -> 100 | I15: Conference League | L15: =COUNTIF('All Teams'!$C$7:$C$785,"UEFA Conference League") -> 36
A16: Germany | D16: =COUNTIFS('All Teams'!$B$7:$B$785,$A16,'All Teams'!$D$7:$D$785,D$23,'All Teams'!$G$7:$G$785,"Domestic") -> 18 | E16: =COUNTIFS('All Teams'!$B$7:$B$785,$A16,'All Teams'!$D$7:$D$785,E$23,'All Teams'!$G$7:$G$785,"Domestic") -> 18 | F16: =COUNTIFS('All Teams'!$B$7:$B$785,$A16,'All Teams'!$D$7:$D$785,F$23,'All Teams'!$G$7:$G$785,"Domestic") -> 20 | G16: =SUM(D16:F16) -> 56 | I16: TOTAL UEFA | L16: =SUM(L13:L15) -> 108
A17: France | D17: =COUNTIFS('All Teams'!$B$7:$B$785,$A17,'All Teams'!$D$7:$D$785,D$23,'All Teams'!$G$7:$G$785,"Domestic") -> 18 | E17: =COUNTIFS('All Teams'!$B$7:$B$785,$A17,'All Teams'!$D$7:$D$785,E$23,'All Teams'!$G$7:$G$785,"Domestic") -> 18 | F17: =COUNTIFS('All Teams'!$B$7:$B$785,$A17,'All Teams'!$D$7:$D$785,F$23,'All Teams'!$G$7:$G$785,"Domestic") -> 18 | G17: =SUM(D17:F17) -> 54
A18: Romania | D18: =COUNTIFS('All Teams'!$B$7:$B$785,$A18,'All Teams'!$D$7:$D$785,D$23,'All Teams'!$G$7:$G$785,"Domestic") -> 16 | E18: =COUNTIFS('All Teams'!$B$7:$B$785,$A18,'All Teams'!$D$7:$D$785,E$23,'All Teams'!$G$7:$G$785,"Domestic") -> 22 | F18: =COUNTIFS('All Teams'!$B$7:$B$785,$A18,'All Teams'!$D$7:$D$785,F$23,'All Teams'!$G$7:$G$785,"Domestic") -> 96 | G18: =SUM(D18:F18) -> 134 | I18: Open Competitions to check expected versus listed team counts for every league.
A19: Greece | D19: =COUNTIFS('All Teams'!$B$7:$B$785,$A19,'All Teams'!$D$7:$D$785,D$23,'All Teams'!$G$7:$G$785,"Domestic") -> 14 | E19: =COUNTIFS('All Teams'!$B$7:$B$785,$A19,'All Teams'!$D$7:$D$785,E$23,'All Teams'!$G$7:$G$785,"Domestic") -> 16 | F19: =COUNTIFS('All Teams'!$B$7:$B$785,$A19,'All Teams'!$D$7:$D$785,F$23,'All Teams'!$G$7:$G$785,"Domestic") -> 113 | G19: =SUM(D19:F19) -> 143
A20: Finland | D20: =COUNTIFS('All Teams'!$B$7:$B$785,$A20,'All Teams'!$D$7:$D$785,D$23,'All Teams'!$G$7:$G$785,"Domestic") -> 12 | E20: =COUNTIFS('All Teams'!$B$7:$B$785,$A20,'All Teams'!$D$7:$D$785,E$23,'All Teams'!$G$7:$G$785,"Domestic") -> 10 | F20: =COUNTIFS('All Teams'!$B$7:$B$785,$A20,'All Teams'!$D$7:$D$785,F$23,'All Teams'!$G$7:$G$785,"Domestic") -> 12 | G20: =SUM(D20:F20) -> 34 | I20: Open Sources for the source register. Every team row also contains its source URL.
A21: TOTAL DOMESTIC | D21: =SUM(D13:D20) -> 138 | E21: =SUM(E13:E20) -> 150 | F21: =SUM(F13:F20) -> 383 | G21: =SUM(G13:G20) -> 671
D23: 1 | E23: 2 | F23: 3
A24: SCOPE AND READING NOTES
A25: SEASONS | D25: 2026/27 for all competitions except Finland's domestic leagues, which use the 2026 calendar-year season.
A27: UEFA | D27: Only the 36 league-phase entrants per competition are listed. Clubs eliminated in qualifying are excluded. UEFA rows cover all associations, not only the eight domestic countries.
A29: THIRD TIERS | D29: Every regional group is included. Group labels are opening-phase allocations; later play-off or continuation splits are not counted as separate leagues. Reserve teams are explicitly labelled.
A31: COUNTRY FIELD | D31: Country means domestic league system or UEFA association, not necessarily geographic location. Cardiff City, Swansea City and Wrexham are under England; FC Andorra is under Spain; Monaco is under France.
A33: SEASON-SPECIFIC NOTES | D33: France's third tier is Ligue 3 (formerly National). Greece's Super League 2 is a unified division. Finland's second and third tiers are Ykkösliiga and Ykkönen.
A35: SNAPSHOT CAUTION | D35: Greek Gamma Ethniki rows are published entrants before the season starts. This is a static snapshot checked on 11 September 2026, not a live feed. Source register labels official and secondary references.
A38: NEW | CLUB COLOUR REFERENCES
A39: Colour names are now appended to All Teams, every country tab and UEFA. The dedicated Club Colours tab provides a compact directory, sources and illustrative HEX values.
A41: DISTINCT TEAMS | D41: BOTH COLOURS | G41: PRIMARY ONLY | J41: NEEDS VERIFICATION
A42: ='Colour Guide'!A7 -> 735 | D42: ='Colour Guide'!D7 -> 567 | G42: ='Colour Guide'!G7 -> 8 | J42: ='Colour Guide'!J7 -> 160
A45: Not all palettes are current or official. Historical references and parent-team inferences are labelled; missing values are left unguessed. Generic swatches are not official club-brand colours.
A47: Open Club Colours: colour-only directory, filters, sources and illustrative HEX codes
A48: Open Colour Guide: coverage by country, evidence types and limitations
A49: Open Colour Sources: source dates, publishers and reference register

Sheet Club Colours
A1: CLUB COLOURS | REFERENCE DIRECTORY
A3: 735 distinct original team names | Colour names + illustrative swatches | Not a current-kit or certified brand-colour database
A4: Open Colour Guide for coverage, definitions and limitations. | Open Overview for the original competition scope.
A6: Team | B6: Country / system | C6: Primary colour | D6: Secondary colour | E6: Primary HEX (illustrative) | F6: Secondary HEX (illustrative) | G6: Coverage | H6: Evidence basis | I6: Colour source ID | J6: Colour source URL | K6: Reference year | L6: Colour notes
A7: AFC Wimbledon | B7: England | C7: Royal blue | D7: Yellow | E7: #2458CE | F7: #FFD633 | G7: Both colours | H7: Club colours reference | I7: C007 | J7: https://en.wikipedia.org/wiki/AFC_Wimbledon
A8: Arsenal | B8: England | C8: Red | D8: White | E8: #D32F2F | F8: #FFFFFF | G8: Both colours | H8: Historical kit reference | I8: C192 | J8: https://www.rsssf.org/colours/england.html | K8: 2006 | L8: Historical reference dated 2006. Traditional home-kit reference; not a 2026/27 kit check.
A9: Aston Villa | B9: England | C9: Claret | D9: Sky blue | E9: #7F1734 | F9: #87CEEB | G9: Both colours | H9: Historical kit reference | I9: C192 | J9: https://www.rsssf.org/colours/england.html | K9: 2006 | L9: Historical reference dated 2006. Traditional home-kit reference; not a 2026/27 kit check.
A10: Barnsley | B10: England | C10: Red | D10: White | E10: #D32F2F | F10: #FFFFFF | G10: Both colours | H10: Historical kit reference | I10: C192 | J10: https://www.rsssf.org/colours/england.html | K10: 2006 | L10: Historical reference dated 2006. Traditional home-kit reference; not a 2026/27 kit check.
A11: Birmingham City | B11: England | C11: Blue | D11: White | E11: #1565C0 | F11: #FFFFFF | G11: Both colours | H11: Historical kit reference | I11: C192 | J11: https://www.rsssf.org/colours/england.html | K11: 2006 | L11: Historical reference dated 2006. Traditional home-kit reference; not a 2026/27 kit check.
A12: Blackburn Rovers | B12: England | C12: Blue | D12: White | E12: #1565C0 | F12: #FFFFFF | G12: Both colours | H12: Historical kit reference | I12: C192 | J12: https://www.rsssf.org/colours/england.html | K12: 2006 | L12: Historical reference dated 2006. Traditional home-kit reference; not a 2026/27 kit check.
A13: Blackpool | B13: England | C13: Tangerine | D13: White | E13: #F28500 | F13: #FFFFFF | G13: Both colours | H13: Historical kit reference | I13: C192 | J13: https://www.rsssf.org/colours/england.html | K13: 2006 | L13: Historical reference dated 2006. Traditional home-kit reference; not a 2026/27 kit check.
A14: Bolton Wanderers | B14: England | C14: White | D14: Navy blue | E14: #FFFFFF | F14: #172B4D | G14: Both colours | H14: Club colours reference | I14: C023 | J14: https://en.wikipedia.org/wiki/Bolton_Wanderers_F.C. | L14: Red is an additional trim colour.
A15: Bournemouth | B15: England | C15: Red | D15: Black | E15: #D32F2F | F15: #111111 | G15: Both colours | H15: Club colours reference | I15: C028 | J15: https://en.wikipedia.org/wiki/AFC_Bournemouth
A16: Bradford City | B16: England | C16: Claret | D16: Amber | E16: #7F1734 | F16: #FFBF00 | G16: Both colours | H16: Historical kit reference | I16: C192 | J16: https://www.rsssf.org/colours/england.html | K16: 2006 | L16: Historical reference dated 2006. Traditional home-kit reference; not a 2026/27 kit check.
A17: Brentford | B17: England | C17: Red | D17: White | E17: #D32F2F | F17: #FFFFFF | G17: Both colours | H17: Club colours reference | I17: C029 | J17: https://en.wikipedia.org/wiki/Brentford_F.C. | L17: Black is an additional traditional kit colour.
A18: Brighton and Hove Albion | B18: England | C18: Blue | D18: White | E18: #1565C0 | F18: #FFFFFF | G18: Both colours | H18: Historical kit reference | I18: C192 | J18: https://www.rsssf.org/colours/england.html | K18: 2006 | L18: Historical reference dated 2006. Traditional home-kit reference; not a 2026/27 kit check.
A19: Bristol City | B19: England | C19: Red | D19: White | E19: #D32F2F | F19: #FFFFFF | G19: Both colours | H19: Historical kit reference | I19: C192 | J19: https://www.rsssf.org/colours/england.html | K19: 2006 | L19: Historical reference dated 2006. Traditional home-kit reference; not a 2026/27 kit check.
A20: Bromley | B20: England | C20: White | D20: Black | E20: #FFFFFF | F20: #111111 | G20: Both colours | H20: Third-party palette reference | I20: C030 | J20: https://teamcolorcodes.com/bromley-f-c-color-codes/ | L20: Traditional white/black pair selected from the published logo palette, which also includes tan and red; not a 2026/27 kit check.
A21: Burnley | B21: England | C21: Claret | D21: Sky blue | E21: #7F1734 | F21: #87CEEB | G21: Both colours | H21: Historical kit reference | I21: C192 | J21: https://www.rsssf.org/colours/england.html | K21: 2006 | L21: Historical reference dated 2006. Traditional home-kit reference; not a 2026/27 kit check.
A22: Burton Albion | B22: England | C22: Yellow | D22: Black | E22: #FFD633 | F22: #111111 | G22: Both colours | H22: Club colours reference | I22: C031 | J22: https://en.wikipedia.org/wiki/Burton_Albion_F.C.
A23: Cambridge United | B23: England | C23: Amber | D23: Black | E23: #FFBF00 | F23: #111111 | G23: Both colours | H23: Club colours reference | I23: C032 | J23: https://en.wikipedia.org/wiki/Cambridge_United_F.C.
A24: Cardiff City | B24: England | C24: Blue | D24: White | E24: #1565C0 | F24: #FFFFFF | G24: Both colours | H24: Historical kit reference | I24: C192 | J24: https://www.rsssf.org/colours/england.html | K24: 2006 | L24: Historical reference dated 2006. Traditional home-kit reference; not a 2026/27 kit check.
A25: Charlton Athletic | B25: England | C25: Red | D25: White | E25: #D32F2F | F25: #FFFFFF | G25: Both colours | H25: Historical kit reference | I25: C192 | J25: https://www.rsssf.org/colours/england.html | K25: 2006 | L25: Historical reference dated 2006. Traditional home-kit reference; not a 2026/27 kit check.
A26: Chelsea | B26: England | C26: Blue | D26: White | E26: #1565C0 | F26: #FFFFFF | G26: Both colours | H26: Historical kit reference | I26: C192 | J26: https://www.rsssf.org/colours/england.html | K26: 2006 | L26: Historical reference dated 2006. Traditional home-kit reference; not a 2026/27 kit check.
A27: Coventry City | B27: England | C27: Sky blue | D27: White | E27: #87CEEB | F27: #FFFFFF | G27: Both colours | H27: Club colours reference | I27: C052 | J27: https://en.wikipedia.org/wiki/Coventry_City_F.C. | L27: White is a traditional accent; sky blue is the defining colour.
A28: Crystal Palace | B28: England | C28: Red | D28: Blue | E28: #D32F2F | F28: #1565C0 | G28: Both colours | H28: Historical kit reference | I28: C192 | J28: https://www.rsssf.org/colours/england.html | K28: 2006 | L28: Historical reference dated 2006. Traditional home-kit reference; not a 2026/27 kit check.
A29: Derby County | B29: England | C29: White | D29: Black | E29: #FFFFFF | F29: #111111 | G29: Both colours | H29: Historical kit reference | I29: C192 | J29: https://www.rsssf.org/colours/england.html | K29: 2006 | L29: Historical reference dated 2006. Traditional home-kit reference; not a 2026/27 kit check.
A30: Doncaster Rovers | B30: England | C30: Red | D30: White | E30: #D32F2F | F30: #FFFFFF | G30: Both colours | H30: Historical kit reference | I30: C192 | J30: https://www.rsssf.org/colours/england.html | K30: 2006 | L30: Historical reference dated 2006. Traditional home-kit reference; not a 2026/27 kit check.
A31: Everton | B31: England | C31: Blue | D31: White | E31: #1565C0 | F31: #FFFFFF | G31: Both colours | H31: Historical kit reference | I31: C192 | J31: https://www.rsssf.org/colours/england.html | K31: 2006 | L31: Historical reference dated 2006. Traditional home-kit reference; not a 2026/27 kit check.
A32: Fulham | B32: England | C32: White | D32: Black | E32: #FFFFFF | F32: #111111 | G32: Both colours | H32: Historical kit reference | I32: C192 | J32: https://www.rsssf.org/colours/england.html | K32: 2006 | L32: Historical reference dated 2006. Traditional home-kit reference; not a 2026/27 kit check.
A33: Huddersfield Town | B33: England | C33: Blue | D33: White | E33: #1565C0 | F33: #FFFFFF | G33: Both colours | H33: Historical kit reference | I33: C192 | J33: https://www.rsssf.org/colours/england.html | K33: 2006 | L33: Historical reference dated 2006. Traditional home-kit reference; not a 2026/27 kit check.
A34: Hull City | B34: England | C34: Amber | D34: Black | E34: #FFBF00 | F34: #111111 | G34: Both colours | H34: Historical kit reference | I34: C192 | J34: https://www.rsssf.org/colours/england.html | K34: 2006 | L34: Historical reference dated 2006. Traditional home-kit reference; not a 2026/27 kit check.
A35: Ipswich Town | B35: England | C35: Blue | D35: White | E35: #1565C0 | F35: #FFFFFF | G35: Both colours | H35: Historical kit reference | I35: C192 | J35: https://www.rsssf.org/colours/england.html | K35: 2006 | L35: Historical reference dated 2006. Traditional home-kit reference; not a 2026/27 kit check.
A36: Leeds United | B36: England | C36: White | D36: Blue | E36: #FFFFFF | F36: #1565C0 | G36: Both colours | H36: Historical kit reference | I36: C192 | J36: https://www.rsssf.org/colours/england.html | K36: 2006 | L36: Historical reference dated 2006. Traditional home-kit reference; not a 2026/27 kit check. Yellow is an additional colour.
A37: Leicester City | B37: England | C37: Blue | D37: White | E37: #1565C0 | F37: #FFFFFF | G37: Both colours | H37: Historical kit reference | I37: C192 | J37: https://www.rsssf.org/colours/england.html | K37: 2006 | L37: Historical reference dated 2006. Traditional home-kit reference; not a 2026/27 kit check.
A38: Leyton Orient | B38: England | C38: Red | D38: White | E38: #D32F2F | F38: #FFFFFF | G38: Both colours | H38: Historical kit reference | I38: C192 | J38: https://www.rsssf.org/colours/england.html | K38: 2006 | L38: Historical reference dated 2006. Traditional home-kit reference; not a 2026/27 kit check.
A39: Lincoln City | B39: England | C39: Red | D39: White | E39: #D32F2F | F39: #FFFFFF | G39: Both colours | H39: Historical kit reference | I39: C192 | J39: https://www.rsssf.org/colours/england.html | K39: 2006 | L39: Historical reference dated 2006. Traditional home-kit reference; not a 2026/27 kit check.
A40: Liverpool | B40: England | C40: Red | D40: White | E40: #D32F2F | F40: #FFFFFF | G40: Both colours | H40: Club colours reference | I40: C144 | J40: https://en.wikipedia.org/wiki/Liverpool_F.C. | L40: White is a historical secondary/accent colour; the usual home strip is all red.
A41: Luton Town | B41: England | C41: Orange | D41: Navy blue | E41: #F28C28 | F41: #172B4D | G41: Both colours | H41: Club colours reference | I41: C148 | J41: https://en.wikipedia.org/wiki/Luton_Town_F.C. | L41: White is an additional club colour.
A42: Manchester City | B42: England | C42: Sky blue | D42: White | E42: #87CEEB | F42: #FFFFFF | G42: Both colours | H42: Historical kit reference | I42: C192 | J42: https://www.rsssf.org/colours/england.html | K42: 2006 | L42: Historical reference dated 2006. Traditional home-kit reference; not a 2026/27 kit check.
A43: Manchester United | B43: England | C43: Red | D43: White | E43: #D32F2F | F43: #FFFFFF | G43: Both colours | H43: Historical kit reference | I43: C192 | J43: https://www.rsssf.org/colours/england.html | K43: 2006 | L43: Historical reference dated 2006. Traditional home-kit reference; not a 2026/27 kit check. Black is an additional colour.
A44: Mansfield Town | B44: England | C44: Amber | D44: Blue | E44: #FFBF00 | F44: #1565C0 | G44: Both colours | H44: Historical kit reference | I44: C192 | J44: https://www.rsssf.org/colours/england.html | K44: 2006 | L44: Historical reference dated 2006. Traditional home-kit reference; not a 2026/27 kit check.
A45: Middlesbrough | B45: England | C45: Red | D45: White | E45: #D32F2F | F45: #FFFFFF | G45: Both colours | H45: Historical kit reference | I45: C192 | J45: https://www.rsssf.org/colours/england.html | K45: 2006 | L45: Historical reference dated 2006. Traditional home-kit reference; not a 2026/27 kit check.
A46: Millwall | B46: England | C46: Blue | D46: White | E46: #1565C0 | F46: #FFFFFF | G46: Both colours | H46: Historical kit reference | I46: C192 | J46: https://www.rsssf.org/colours/england.html | K46: 2006 | L46: Historical reference dated 2006. Traditional home-kit reference; not a 2026/27 kit check.
A47: MK Dons | B47: England | C47: White | D47: Red | E47: #FFFFFF | F47: #D32F2F | G47: Both colours | H47: Historical kit reference | I47: C192 | J47: https://www.rsssf.org/colours/england.html | K47: 2006 | L47: Historical reference dated 2006. Traditional home-kit reference; not a 2026/27 kit check.
A48: Newcastle United | B48: England | C48: Black | D48: White | E48: #111111 | F48: #FFFFFF | G48: Both colours | H48: Historical kit reference | I48: C192 | J48: https://www.rsssf.org/colours/england.html | K48: 2006 | L48: Historical reference dated 2006. Traditional home-kit reference; not a 2026/27 kit check.
A49: Norwich City | B49: England | C49: Yellow | D49: Green | E49: #FFD633 | F49: #15803D | G49: Both colours | H49: Historical kit reference | I49: C192 | J49: https://www.rsssf.org/colours/england.html | K49: 2006 | L49: Historical reference dated 2006. Traditional home-kit reference; not a 2026/27 kit check.
A50: Nottingham Forest | B50: England | C50: Red | D50: White | E50: #D32F2F | F50: #FFFFFF | G50: Both colours | H50: Historical kit reference | I50: C192 | J50: https://www.rsssf.org/colours/england.html | K50: 2006 | L50: Historical reference dated 2006. Traditional home-kit reference; not a 2026/27 kit check.
A51: Notts County | B51: England | C51: Black | D51: White | E51: #111111 | F51: #FFFFFF | G51: Both colours | H51: Historical kit reference | I51: C192 | J51: https://www.rsssf.org/colours/england.html | K51: 2006 | L51: Historical reference dated 2006. Traditional home-kit reference; not a 2026/27 kit check.
A52: Oxford United | B52: England | C52: Yellow | D52: Blue | E52: #FFD633 | F52: #1565C0 | G52: Both colours | H52: Traditional kit reference | I52: C130 | J52: https://www.football-stadiums.co.uk/articles/football-club-kit-colours/
A53: Peterborough United | B53: England | C53: Blue | D53: White | E53: #1565C0 | F53: #FFFFFF | G53: Both colours | H53: Historical kit reference | I53: C192 | J53: https://www.rsssf.org/colours/england.html | K53: 2006 | L53: Historical reference dated 2006. Traditional home-kit reference; not a 2026/27 kit check.
A54: Plymouth Argyle | B54: England | C54: Green | D54: White | E54: #15803D | F54: #FFFFFF | G54: Both colours | H54: Historical kit reference | I54: C192 | J54: https://www.rsssf.org/colours/england.html | K54: 2006 | L54: Historical reference dated 2006. Traditional home-kit reference; not a 2026/27 kit check.
A55: Portsmouth | B55: England | C55: Blue | D55: White | E55: #1565C0 | F55: #FFFFFF | G55: Both colours | H55: Historical kit reference | I55: C192 | J55: https://www.rsssf.org/colours/england.html | K55: 2006 | L55: Historical reference dated 2006. Traditional home-kit reference; not a 2026/27 kit check. Red is an additional colour.
A56: Preston North End | B56: England | C56: White | D56: Navy blue | E56: #FFFFFF | F56: #172B4D | G56: Both colours | H56: Historical kit reference | I56: C192 | J56: https://www.rsssf.org/colours/england.html | K56: 2006 | L56: Historical reference dated 2006. Traditional home-kit reference; not a 2026/27 kit check.
A57: Queens Park Rangers | B57: England | C57: Blue | D57: White | E57: #1565C0 | F57: #FFFFFF | G57: Both colours | H57: Historical kit reference | I57: C192 | J57: https://www.rsssf.org/colours/england.html | K57: 2006 | L57: Historical reference dated 2006. Traditional home-kit reference; not a 2026/27 kit check.
A58: Reading | B58: England | C58: Blue | D58: White | E58: #1565C0 | F58: #FFFFFF | G58: Both colours | H58: Historical kit reference | I58: C192 | J58: https://www.rsssf.org/colours/england.html | K58: 2006 | L58: Historical reference dated 2006. Traditional home-kit reference; not a 2026/27 kit check.
A59: Sheffield United | B59: England | C59: Red | D59: White | E59: #D32F2F | F59: #FFFFFF | G59: Both colours | H59: Historical kit reference | I59: C192 | J59: https://www.rsssf.org/colours/england.html | K59: 2006 | L59: Historical reference dated 2006. Traditional home-kit reference; not a 2026/27 kit check. Black is an additional colour.
A60: Sheffield Wednesday | B60: England | C60: Blue | D60: White | E60: #1565C0 | F60: #FFFFFF | G60: Both colours | H60: Historical kit reference | I60: C192 | J60: https://www.rsssf.org/colours/england.html | K60: 2006 | L60: Historical reference dated 2006. Traditional home-kit reference; not a 2026/27 kit check.
A61: Southampton | B61: England | C61: Red | D61: White | E61: #D32F2F | F61: #FFFFFF | G61: Both colours | H61: Historical kit reference | I61: C192 | J61: https://www.rsssf.org/colours/england.html | K61: 2006 | L61: Historical reference dated 2006. Traditional home-kit reference; not a 2026/27 kit check.
A62: Stevenage | B62: England | C62: Red | D62: White | E62: #D32F2F | F62: #FFFFFF | G62: Both colours | H62: Club colours reference | I62: C221 | J62: https://en.wikipedia.org/wiki/Stevenage_F.C.
A63: Stockport County | B63: England | C63: Blue | D63: White | E63: #1565C0 | F63: #FFFFFF | G63: Both colours | H63: Historical kit reference | I63: C192 | J63: https://www.rsssf.org/colours/england.html | K63: 2006 | L63: Historical reference dated 2006. Traditional home-kit reference; not a 2026/27 kit check.
A64: Stoke City | B64: England | C64: Red | D64: White | E64: #D32F2F | F64: #FFFFFF | G64: Both colours | H64: Historical kit reference | I64: C192 | J64: https://www.rsssf.org/colours/england.html | K64: 2006 | L64: Historical reference dated 2006. Traditional home-kit reference; not a 2026/27 kit check.
A65: Sunderland | B65: England | C65: Red | D65: White | E65: #D32F2F | F65: #FFFFFF | G65: Both colours | H65: Historical kit reference | I65: C192 | J65: https://www.rsssf.org/colours/england.html | K65: 2006 | L65: Historical reference dated 2006. Traditional home-kit reference; not a 2026/27 kit check.
A66: Swansea City | B66: England | C66: White | D66: Black | E66: #FFFFFF | F66: #111111 | G66: Both colours | H66: Historical kit reference | I66: C192 | J66: https://www.rsssf.org/colours/england.html | K66: 2006 | L66: Historical reference dated 2006. Traditional home-kit reference; not a 2026/27 kit check.
A67: Tottenham Hotspur | B67: England | C67: White | D67: Navy blue | E67: #FFFFFF | F67: #172B4D | G67: Both colours | H67: Historical kit reference | I67: C192 | J67: https://www.rsssf.org/colours/england.html | K67: 2006 | L67: Historical reference dated 2006. Traditional home-kit reference; not a 2026/27 kit check.
A68: Watford | B68: England | C68: Yellow | D68: Black | E68: #FFD633 | F68: #111111 | G68: Both colours | H68: Traditional kit reference | I68: C130 | J68: https://www.football-stadiums.co.uk/articles/football-club-kit-colours/
A69: West Bromwich Albion | B69: England | C69: Navy blue | D69: White | E69: #172B4D | F69: #FFFFFF | G69: Both colours | H69: Club colours reference | I69: C259 | J69: https://en.wikipedia.org/wiki/West_Bromwich_Albion_F.C.
A70: West Ham United | B70: England | C70: Claret | D70: Sky blue | E70: #7F1734 | F70: #87CEEB | G70: Both colours | H70: Historical kit reference | I70: C192 | J70: https://www.rsssf.org/colours/england.html | K70: 2006 | L70: Historical reference dated 2006. Traditional home-kit reference; not a 2026/27 kit check.
A71: Wigan Athletic | B71: England | C71: Blue | D71: White | E71: #1565C0 | F71: #FFFFFF | G71: Both colours | H71: Historical kit reference | I71: C192 | J71: https://www.rsssf.org/colours/england.html | K71: 2006 | L71: Historical reference dated 2006. Traditional home-kit reference; not a 2026/27 kit check.
A72: Wolverhampton Wanderers | B72: England | C72: Old gold | D72: Black | E72: #CFB53B | F72: #111111 | G72: Both colours | H72: Historical kit reference | I72: C192 | J72: https://www.rsssf.org/colours/england.html | K72: 2006 | L72: Historical reference dated 2006. Traditional home-kit reference; not a 2026/27 kit check.
A73: Wrexham | B73: England | C73: Red | D73: White | E73: #D32F2F | F73: #FFFFFF | G73: Both colours | H73: Club colours reference | I73: C260 | J73: https://en.wikipedia.org/wiki/Wrexham_A.F.C.
A74: Wycombe Wanderers | B74: England | C74: Sky blue | D74: Navy blue | E74: #87CEEB | F74: #172B4D | G74: Both colours | H74: Historical kit reference | I74: C192 | J74: https://www.rsssf.org/colours/england.html | K74: 2006 | L74: Historical reference dated 2006. Traditional home-kit reference; not a 2026/27 kit check.
A75: AD Ceuta | B75: Spain | C75: White | D75: Black | E75: #FFFFFF | F75: #111111 | G75: Both colours | H75: Club colours reference | I75: C005 | J75: https://www.rtvce.es/articulo/deportes/tradicion-innovacion-nuevas-equipaciones-ad-ceuta/20260727200148101725.html | K75: 2026 | L75: Red is an additional accent; the quoted manufacturer statement identifies the black/white club palette.
A76: Albacete | B76: Spain | C76: White | D76: Garnet | E76: #FFFFFF | F76: #733635 | G76: Both colours | H76: Club colours reference | I76: C010 | J76: https://fr.wikipedia.org/wiki/Albacete_Balompi%C3%A9 | L76: Black is a third colour.
A77: Alcorcón | B77: Spain | C77: Yellow | D77: Navy blue | E77: #FFD633 | F77: #172B4D | G77: Both colours | H77: Historical kit reference | I77: C200 | J77: https://www.rsssf.org/colours/spain.html | K77: 2008 | L77: Historical reference dated 2008. Traditional palette from a 2008 home-kit reference; not a current-season kit check.
A78: Algeciras | B78: Spain | C78: Red | D78: White | E78: #D32F2F | F78: #FFFFFF | G78: Both colours | H78: Historical kit reference | I78: C200 | J78: https://www.rsssf.org/colours/spain.html | K78: 2008 | L78: Historical reference dated 2008. Traditional palette from a 2008 home-kit reference; not a current-season kit check.
A79: Almería | B79: Spain | C79: Red | D79: White | E79: #D32F2F | F79: #FFFFFF | G79: Both colours | H79: Historical kit reference | I79: C200 | J79: https://www.rsssf.org/colours/spain.html | K79: 2008 | L79: Historical reference dated 2008. Traditional palette from a 2008 home-kit reference; not a current-season kit check.
A80: Antequera | B80: Spain | C80: Green | D80: White | E80: #15803D | F80: #FFFFFF | G80: Both colours | H80: Historical kit reference | I80: C200 | J80: https://www.rsssf.org/colours/spain.html | K80: 2008 | L80: Historical reference dated 2008. Traditional palette from a 2008 home-kit reference; not a current-season kit check.
A81: Arenas Club | B81: Spain | C81: Red | D81: Black | E81: #D32F2F | F81: #111111 | G81: Both colours | H81: Club colours reference | I81: C015 | J81: https://fr.wikipedia.org/wiki/Arenas_Club_de_Getxo
A82: Athletic Club | B82: Spain | C82: Red | D82: White | E82: #D32F2F | F82: #FFFFFF | G82: Both colours | H82: Historical kit reference | I82: C200 | J82: https://www.rsssf.org/colours/spain.html | K82: 2008 | L82: Historical reference dated 2008. Traditional palette from a 2008 home-kit reference; not a current-season kit check. Black is an additional colour.
A83: Athletic Club B | B83: Spain | C83: Red | D83: White | E83: #D32F2F | F83: #FFFFFF | G83: Both colours | H83: Parent-club palette (inferred) | I83: C200 | J83: https://www.rsssf.org/colours/spain.html | K83: 2008 | L83: Uses the parent-club identity colours of Athletic Club; reserve-specific palette not independently confirmed. Parent source is a historical reference dated 2008.
A84: Atlético de Madrid | B84: Spain | C84: Red | D84: White | E84: #D32F2F | F84: #FFFFFF | G84: Both colours | H84: Historical kit reference | I84: C200 | J84: https://www.rsssf.org/colours/spain.html | K84: 2008 | L84: Historical reference dated 2008. Traditional palette from a 2008 home-kit reference; not a current-season kit check. Blue is an additional colour.
A85: Atlético Madrileño | B85: Spain | C85: Red | D85: White | E85: #D32F2F | F85: #FFFFFF | G85: Both colours | H85: Parent-club palette (inferred) | I85: C200 | J85: https://www.rsssf.org/colours/spain.html | K85: 2008 | L85: Uses the parent-club identity colours of Atlético de Madrid; reserve-specific palette not independently confirmed. Parent source is a historical reference dated 2008.
A86: Barakaldo | B86: Spain | C86: Yellow | D86: Black | E86: #FFD633 | F86: #111111 | G86: Both colours | H86: Historical kit reference | I86: C200 | J86: https://www.rsssf.org/colours/spain.html | K86: 2008 | L86: Historical reference dated 2008. Traditional palette from a 2008 home-kit reference; not a current-season kit check.
A87: Barcelona | B87: Spain | C87: Blue | D87: Claret | E87: #1565C0 | F87: #7F1734 | G87: Both colours | H87: Historical kit reference | I87: C200 | J87: https://www.rsssf.org/colours/spain.html | K87: 2008 | L87: Historical reference dated 2008. Traditional palette from a 2008 home-kit reference; not a current-season kit check.
A88: Burgos | B88: Spain | C88: White | D88: Black | E88: #FFFFFF | F88: #111111 | G88: Both colours | H88: Historical kit reference | I88: C200 | J88: https://www.rsssf.org/colours/spain.html | K88: 2008 | L88: Historical reference dated 2008. Traditional palette from a 2008 home-kit reference; not a current-season kit check.
A89: Cacereño | B89: Spain | C89: Green | D89: White | E89: #15803D | F89: #FFFFFF | G89: Both colours | H89: Historical kit reference | I89: C200 | J89: https://www.rsssf.org/colours/spain.html | K89: 2008 | L89: Historical reference dated 2008. Traditional palette from a 2008 home-kit reference; not a current-season kit check.
A90: Cartagena | B90: Spain | C90: Black | D90: White | E90: #111111 | F90: #FFFFFF | G90: Both colours | H90: Historical kit reference | I90: C200 | J90: https://www.rsssf.org/colours/spain.html | K90: 2008 | L90: Historical reference dated 2008. Traditional palette from a 2008 home-kit reference; not a current-season kit check.
A91: Castellón | B91: Spain | C91: Black | D91: White | E91: #111111 | F91: #FFFFFF | G91: Both colours | H91: Historical kit reference | I91: C200 | J91: https://www.rsssf.org/colours/spain.html | K91: 2008 | L91: Historical reference dated 2008. Traditional palette from a 2008 home-kit reference; not a current-season kit check.
A92: CE Europa | B92: Spain | C92: White | D92: Blue | E92: #FFFFFF | F92: #1565C0 | G92: Both colours | H92: Club colours reference | I92: C041 | J92: https://fr.wikipedia.org/wiki/Club_Esportiu_Europa
A93: Celta Fortuna | B93: Spain | C93: Sky blue | D93: White | E93: #87CEEB | F93: #FFFFFF | G93: Both colours | H93: Parent-club palette (inferred) | I93: C200 | J93: https://www.rsssf.org/colours/spain.html | K93: 2008 | L93: Uses the parent-club identity colours of Celta Vigo; reserve-specific palette not independently confirmed. Parent source is a historical reference dated 2008.
A94: Celta Vigo | B94: Spain | C94: Sky blue | D94: White | E94: #87CEEB | F94: #FFFFFF | G94: Both colours | H94: Historical kit reference | I94: C200 | J94: https://www.rsssf.org/colours/spain.html | K94: 2008 | L94: Historical reference dated 2008. Traditional palette from a 2008 home-kit reference; not a current-season kit check.
A95: Coria | B95: Spain | G95: Needs verification | H95: Unresolved | L95: No sufficiently clear colour source was established in this research pass. Values are left blank rather than guessed.
A96: Cultural Leonesa | B96: Spain | C96: White | D96: Red | E96: #FFFFFF | F96: #D32F2F | G96: Both colours | H96: Club colours reference | I96: C064 | J96: https://fr.wikipedia.org/wiki/Cultural_y_Deportiva_Leonesa
A97: Cádiz | B97: Spain | C97: Yellow | D97: Blue | E97: #FFD633 | F97: #1565C0 | G97: Both colours | H97: Historical kit reference | I97: C200 | J97: https://www.rsssf.org/colours/spain.html | K97: 2008 | L97: Historical reference dated 2008. Traditional palette from a 2008 home-kit reference; not a current-season kit check.
A98: Córdoba | B98: Spain | C98: Green | D98: White | E98: #15803D | F98: #FFFFFF | G98: Both colours | H98: Historical kit reference | I98: C200 | J98: https://www.rsssf.org/colours/spain.html | K98: 2008 | L98: Historical reference dated 2008. Traditional palette from a 2008 home-kit reference; not a current-season kit check.
A99: Deportivo Alavés | B99: Spain | C99: Blue | D99: White | E99: #1565C0 | F99: #FFFFFF | G99: Both colours | H99: Historical kit reference | I99: C200 | J99: https://www.rsssf.org/colours/spain.html | K99: 2008 | L99: Historical reference dated 2008. Traditional palette from a 2008 home-kit reference; not a current-season kit check.
A100: Deportivo Fabril | B100: Spain | C100: Blue | D100: White | E100: #1565C0 | F100: #FFFFFF | G100: Both colours | H100: Parent-club palette (inferred) | I100: C200 | J100: https://www.rsssf.org/colours/spain.html | K100: 2008 | L100: Uses the parent-club identity colours of Deportivo La Coruña; reserve-specific palette not independently confirmed. Parent source is a historical reference dated 2008.
A101: Deportivo La Coruña | B101: Spain | C101: Blue | D101: White | E101: #1565C0 | F101: #FFFFFF | G101: Both colours | H101: Historical kit reference | I101: C200 | J101: https://www.rsssf.org/colours/spain.html | K101: 2008 | L101: Historical reference dated 2008. Traditional palette from a 2008 home-kit reference; not a current-season kit check.
A102: Eibar | B102: Spain | C102: Blue | D102: Claret | E102: #1565C0 | F102: #7F1734 | G102: Both colours | H102: Historical kit reference | I102: C200 | J102: https://www.rsssf.org/colours/spain.html | K102: 2008 | L102: Historical reference dated 2008. Traditional palette from a 2008 home-kit reference; not a current-season kit check.
...

Sheet Colour Guide
A1: CLUB COLOURS | COVERAGE & GUIDE
A3: Reference colour enrichment of the original workbook. No external account connection or jersey images are required.
A4: Open Club Colours | Filter Coverage for gaps, and Evidence basis for historical or inferred palettes.
A6: DISTINCT TEAMS | D6: BOTH COLOURS | G6: PRIMARY ONLY | J6: NEEDS VERIFICATION
A7: =COUNTA('Club Colours'!$A$7:$A$741) -> 735 | D7: =COUNTIF('Club Colours'!$G$7:$G$741,"Both colours") -> 567 | G7: =COUNTIF('Club Colours'!$G$7:$G$741,"Primary only") -> 8 | J7: =COUNTIF('Club Colours'!$G$7:$G$741,"Needs verification") -> 160
A10: Coverage means that fields are populated, not that every palette is official or current. Read the evidence basis before using a pair in production.
A12: DISTINCT-TEAM COVERAGE BY ORIGINAL LEAGUE SYSTEM
A13: Country / system | E13: Teams | F13: Both | G13: Primary only | H13: Missing | I13: Pair coverage
A14: England | E14: =COUNTIF('Club Colours'!$B$7:$B$741,A14) -> 68 | F14: =COUNTIFS('Club Colours'!$B$7:$B$741,A14,'Club Colours'!$G$7:$G$741,"Both colours") -> 68 | G14: =COUNTIFS('Club Colours'!$B$7:$B$741,A14,'Club Colours'!$G$7:$G$741,"Primary only") -> 0 | H14: =COUNTIFS('Club Colours'!$B$7:$B$741,A14,'Club Colours'!$G$7:$G$741,"Needs verification") -> 0 | I14: =IFERROR(F14/E14,0) -> 1
A15: Spain | E15: =COUNTIF('Club Colours'!$B$7:$B$741,A15) -> 82 | F15: =COUNTIFS('Club Colours'!$B$7:$B$741,A15,'Club Colours'!$G$7:$G$741,"Both colours") -> 77 | G15: =COUNTIFS('Club Colours'!$B$7:$B$741,A15,'Club Colours'!$G$7:$G$741,"Primary only") -> 1 | H15: =COUNTIFS('Club Colours'!$B$7:$B$741,A15,'Club Colours'!$G$7:$G$741,"Needs verification") -> 4 | I15: =IFERROR(F15/E15,0) -> 0.93902439
A16: Italy | E16: =COUNTIF('Club Colours'!$B$7:$B$741,A16) -> 100 | F16: =COUNTIFS('Club Colours'!$B$7:$B$741,A16,'Club Colours'!$G$7:$G$741,"Both colours") -> 97 | G16: =COUNTIFS('Club Colours'!$B$7:$B$741,A16,'Club Colours'!$G$7:$G$741,"Primary only") -> 3 | H16: =COUNTIFS('Club Colours'!$B$7:$B$741,A16,'Club Colours'!$G$7:$G$741,"Needs verification") -> 0 | I16: =IFERROR(F16/E16,0) -> 0.97
A17: Germany | E17: =COUNTIF('Club Colours'!$B$7:$B$741,A17) -> 56 | F17: =COUNTIFS('Club Colours'!$B$7:$B$741,A17,'Club Colours'!$G$7:$G$741,"Both colours") -> 56 | G17: =COUNTIFS('Club Colours'!$B$7:$B$741,A17,'Club Colours'!$G$7:$G$741,"Primary only") -> 0 | H17: =COUNTIFS('Club Colours'!$B$7:$B$741,A17,'Club Colours'!$G$7:$G$741,"Needs verification") -> 0 | I17: =IFERROR(F17/E17,0) -> 1
A18: France | E18: =COUNTIF('Club Colours'!$B$7:$B$741,A18) -> 54 | F18: =COUNTIFS('Club Colours'!$B$7:$B$741,A18,'Club Colours'!$G$7:$G$741,"Both colours") -> 53 | G18: =COUNTIFS('Club Colours'!$B$7:$B$741,A18,'Club Colours'!$G$7:$G$741,"Primary only") -> 1 | H18: =COUNTIFS('Club Colours'!$B$7:$B$741,A18,'Club Colours'!$G$7:$G$741,"Needs verification") -> 0 | I18: =IFERROR(F18/E18,0) -> 0.98148148
A19: Romania | E19: =COUNTIF('Club Colours'!$B$7:$B$741,A19) -> 134 | F19: =COUNTIFS('Club Colours'!$B$7:$B$741,A19,'Club Colours'!$G$7:$G$741,"Both colours") -> 46 | G19: =COUNTIFS('Club Colours'!$B$7:$B$741,A19,'Club Colours'!$G$7:$G$741,"Primary only") -> 2 | H19: =COUNTIFS('Club Colours'!$B$7:$B$741,A19,'Club Colours'!$G$7:$G$741,"Needs verification") -> 86 | I19: =IFERROR(F19/E19,0) -> 0.34328358
A20: Greece | E20: =COUNTIF('Club Colours'!$B$7:$B$741,A20) -> 143 | F20: =COUNTIFS('Club Colours'!$B$7:$B$741,A20,'Club Colours'!$G$7:$G$741,"Both colours") -> 74 | G20: =COUNTIFS('Club Colours'!$B$7:$B$741,A20,'Club Colours'!$G$7:$G$741,"Primary only") -> 0 | H20: =COUNTIFS('Club Colours'!$B$7:$B$741,A20,'Club Colours'!$G$7:$G$741,"Needs verification") -> 69 | I20: =IFERROR(F20/E20,0) -> 0.51748252
A21: Finland | E21: =COUNTIF('Club Colours'!$B$7:$B$741,A21) -> 34 | F21: =COUNTIFS('Club Colours'!$B$7:$B$741,A21,'Club Colours'!$G$7:$G$741,"Both colours") -> 33 | G21: =COUNTIFS('Club Colours'!$B$7:$B$741,A21,'Club Colours'!$G$7:$G$741,"Primary only") -> 0 | H21: =COUNTIFS('Club Colours'!$B$7:$B$741,A21,'Club Colours'!$G$7:$G$741,"Needs verification") -> 1 | I21: =IFERROR(F21/E21,0) -> 0.97058824
A22: Other UEFA associations | E22: =$A$7-SUM(E14:E21) -> 64 | F22: =$D$7-SUM(F14:F21) -> 63 | G22: =$G$7-SUM(G14:G21) -> 1 | H22: =$J$7-SUM(H14:H21) -> 0 | I22: =IFERROR(F22/E22,0) -> 0.984375
A23: TOTAL | E23: =SUM(E14:E22) -> 735 | F23: =SUM(F14:F22) -> 567 | G23: =SUM(G14:G22) -> 8 | H23: =SUM(H14:H22) -> 160 | I23: =IFERROR(F23/E23,0) -> 0.77142857
A25: METHOD, SCOPE AND LIMITATIONS
A26: Identity and kit references | D26: The intended fields describe club identity colours. Where a source instead documents a traditional home-kit pair, that distinction is explicit in Evidence basis. No away-jersey colours have been substituted silently.
A28: Colour order | D28: Primary and secondary are display fields, not a certified ranking by the club. Co-primary pairs may be equally important. Known third colours and accent-only cases are recorded in Colour notes.
A30: HEX and swatches | D30: The HEX codes and cell fills are generic, illustrative shades for the colour names. They are not official club-brand values and must not be used as production branding specifications.
A32: Historical / inferred | D32: Historical references retain their source dates and require checking before current-kit use. Reserve-team colours are marked as inherited where only the parent-club palette was sourced.
A34: Unconfirmed fields | D34: A blank pair means no sufficiently clear source was established in this pass. "Not specified" means a primary colour was sourced but no defensible secondary was established. Neither means the club has no colours.
A36: Original roster retained | D36: The 779 original membership rows and 735 distinct team names are retained. This is a colour-enrichment pass, not a new audit of league membership. Any roster issue encountered is noted rather than silently changing the list.
A38: Jersey images and access | D38: Home and away jersey images are omitted, as requested. No Firecrawl or other new account connection was used. Source links are ordinary public references.
A40: Review date / freshness | D40: Research was reviewed on 11 September 2026. That date is not a claim that every historical palette remains the current kit, nor that a source has certified the generic display shades.
A44: EVIDENCE BASIS | DISTINCT TEAMS | H44: ILLUSTRATIVE DISPLAY PALETTE
A45: Club colour plus documented accent | F45: =COUNTIF('Club Colours'!$H$7:$H$741,A45) -> 3 | H45: Amaranth | K45: #A52A50
A46: Club colours reference | F46: =COUNTIF('Club Colours'!$H$7:$H$741,A46) -> 195 | H46: Amber | K46: #FFBF00
A47: Colour nickname reference | F47: =COUNTIF('Club Colours'!$H$7:$H$741,A47) -> 35 | H47: Black | K47: #111111
A48: Historical club-colours reference | F48: =COUNTIF('Club Colours'!$H$7:$H$741,A48) -> 72 | H48: Blue | K48: #1565C0
A49: Historical kit reference | F49: =COUNTIF('Club Colours'!$H$7:$H$741,A49) -> 225 | H49: Brown | K49: #795548
A50: Official club reference | F50: =COUNTIF('Club Colours'!$H$7:$H$741,A50) -> 6 | H50: Burgundy | K50: #800020
A51: Official home-kit reference | F51: =COUNTIF('Club Colours'!$H$7:$H$741,A51) -> 1 | H51: Cherry red | K51: #B5123B
A52: Official league reference | F52: =COUNTIF('Club Colours'!$H$7:$H$741,A52) -> 1 | H52: Claret | K52: #7F1734
A53: Parent-club palette (inferred) | F53: =COUNTIF('Club Colours'!$H$7:$H$741,A53) -> 26 | H53: Crimson | K53: #DC143C
A54: Third-party palette reference | F54: =COUNTIF('Club Colours'!$H$7:$H$741,A54) -> 6 | H54: Garnet | K54: #733635
A55: Traditional kit reference | F55: =COUNTIF('Club Colours'!$H$7:$H$741,A55) -> 5 | H55: Gold | K55: #D4AF37
A56: Unresolved | F56: =COUNTIF('Club Colours'!$H$7:$H$741,A56) -> 160 | H56: Green | K56: #15803D
H57: Grey | K57: #808080
H58: Maroon | K58: #800000
H59: Mauve | K59: #B784B7
H60: Navy blue | K60: #172B4D
H61: Old gold | K61: #CFB53B
H62: Orange | K62: #F28C28
H63: Pink | K63: #F4A6C1
H64: Red | K64: #D32F2F
H65: Royal blue | K65: #2458CE
H66: Sky blue | K66: #87CEEB
H67: Tangerine | K67: #F28500
H68: Violet | K68: #7F3FBF
... H70: Yellow | K70: #FFD633

Sheet All Teams
A1: ALL TEAMS | TEAM DIRECTORY | L1: CLUB COLOURS | REFERENCE DATA
A3: 2026/27 except Finland 2026 | Domestic + UEFA memberships | League phase only for UEFA | Checked 11 Sep 2026 | L3: Generic display shades, not official brand HEX values. Historical and inferred palettes are labelled.
A4: Return to Overview | Filters are in row 6. Sources and scope notes are included in this workbook. | L4: Open Club Colours for a compact colour-only directory and approximate HEX codes.
A6: Team | B6: Country / system | C6: Competition | D6: Tier | E6: Group / phase | F6: Season | G6: Scope | H6: Team type | I6: Notes | J6: Source ID | K6: Source URL | L6: Primary colour | M6: Secondary colour | N6: Colour coverage | O6: Colour evidence basis | P6: Colour source URL | Q6: Colour notes
A7: Arsenal | B7: England | C7: Premier League | D7: 1 | E7: Single division | F7: 2026/27 | G7: Domestic | H7: First team | J7: S01 | K7: https://www.premierleague.com/en/clubs | L7: Red | M7: White | N7: Both colours | O7: Historical kit reference | P7: https://www.rsssf.org/colours/england.html | Q7: Historical reference dated 2006. Traditional home-kit reference; not a 2026/27 kit check.
A8: Aston Villa | B8: England | C8: Premier League | D8: 1 | E8: Single division | F8: 2026/27 | G8: Domestic | H8: First team | J8: S01 | K8: https://www.premierleague.com/en/clubs | L8: Claret | M8: Sky blue | N8: Both colours | O8: Historical kit reference | P8: https://www.rsssf.org/colours/england.html | Q8: Historical reference dated 2006. Traditional home-kit reference; not a 2026/27 kit check.
A9: Bournemouth | B9: England | C9: Premier League | D9: 1 | E9: Single division | F9: 2026/27 | G9: Domestic | H9: First team | J9: S01 | K9: https://www.premierleague.com/en/clubs | L9: Red | M9: Black | N9: Both colours | O9: Club colours reference | P9: https://en.wikipedia.org/wiki/AFC_Bournemouth
A10: Brentford | B10: England | C10: Premier League | D10: 1 | E10: Single division | F10: 2026/27 | G10: Domestic | H10: First team | J10: S01 | K10: https://www.premierleague.com/en/clubs | L10: Red | M10: White | N10: Both colours | O10: Club colours reference | P10: https://en.wikipedia.org/wiki/Brentford_F.C. | Q10: Black is an additional traditional kit colour.
A11: Brighton and Hove Albion | B11: England | C11: Premier League | D11: 1 | E11: Single division | F11: 2026/27 | G11: Domestic | H11: First team | J11: S01 | K11: https://www.premierleague.com/en/clubs | L11: Blue | M11: White | N11: Both colours | O11: Historical kit reference | P11: https://www.rsssf.org/colours/england.html | Q11: Historical reference dated 2006. Traditional home-kit reference; not a 2026/27 kit check.
A12: Chelsea | B12: England | C12: Premier League | D12: 1 | E12: Single division | F12: 2026/27 | G12: Domestic | H12: First team | J12: S01 | K12: https://www.premierleague.com/en/clubs | L12: Blue | M12: White | N12: Both colours | O12: Historical kit reference | P12: https://www.rsssf.org/colours/england.html | Q12: Historical reference dated 2006. Traditional home-kit reference; not a 2026/27 kit check.
A13: Coventry City | B13: England | C13: Premier League | D13: 1 | E13: Single division | F13: 2026/27 | G13: Domestic | H13: First team | J13: S01 | K13: https://www.premierleague.com/en/clubs | L13: Sky blue | M13: White | N13: Both colours | O13: Club colours reference | P13: https://en.wikipedia.org/wiki/Coventry_City_F.C. | Q13: White is a traditional accent; sky blue is the defining colour.
A14: Crystal Palace | B14: England | C14: Premier League | D14: 1 | E14: Single division | F14: 2026/27 | G14: Domestic | H14: First team | J14: S01 | K14: https://www.premierleague.com/en/clubs | L14: Red | M14: Blue | N14: Both colours | O14: Historical kit reference | P14: https://www.rsssf.org/colours/england.html | Q14: Historical reference dated 2006. Traditional home-kit reference; not a 2026/27 kit check.
A15: Everton | B15: England | C15: Premier League | D15: 1 | E15: Single division | F15: 2026/27 | G15: Domestic | H15: First team | J15: S01 | K15: https://www.premierleague.com/en/clubs | L15: Blue | M15: White | N15: Both colours | O15: Historical kit reference | P15: https://www.rsssf.org/colours/england.html | Q15: Historical reference dated 2006. Traditional home-kit reference; not a 2026/27 kit check.
A16: Fulham | B16: England | C16: Premier League | D16: 1 | E16: Single division | F16: 2026/27 | G16: Domestic | H16: First team | J16: S01 | K16: https://www.premierleague.com/en/clubs | L16: White | M16: Black | N16: Both colours | O16: Historical kit reference | P16: https://www.rsssf.org/colours/england.html | Q16: Historical reference dated 2006. Traditional home-kit reference; not a 2026/27 kit check.
A17: Hull City | B17: England | C17: Premier League | D17: 1 | E17: Single division | F17: 2026/27 | G17: Domestic | H17: First team | J17: S01 | K17: https://www.premierleague.com/en/clubs | L17: Amber | M17: Black | N17: Both colours | O17: Historical kit reference | P17: https://www.rsssf.org/colours/england.html | Q17: Historical reference dated 2006. Traditional home-kit reference; not a 2026/27 kit check.
A18: Ipswich Town | B18: England | C18: Premier League | D18: 1 | E18: Single division | F18: 2026/27 | G18: Domestic | H18: First team | J18: S01 | K18: https://www.premierleague.com/en/clubs | L18: Blue | M18: White | N18: Both colours | O18: Historical kit reference | P18: https://www.rsssf.org/colours/england.html | Q18: Historical reference dated 2006. Traditional home-kit reference; not a 2026/27 kit check.
A19: Leeds United | B19: England | C19: Premier League | D19: 1 | E19: Single division | F19: 2026/27 | G19: Domestic | H19: First team | J19: S01 | K19: https://www.premierleague.com/en/clubs | L19: White | M19: Blue | N19: Both colours | O19: Historical kit reference | P19: https://www.rsssf.org/colours/england.html | Q19: Historical reference dated 2006. Traditional home-kit reference; not a 2026/27 kit check. Yellow is an additional colour.
A20: Liverpool | B20: England | C20: Premier League | D20: 1 | E20: Single division | F20: 2026/27 | G20: Domestic | H20: First team | J20: S01 | K20: https://www.premierleague.com/en/clubs | L20: Red | M20: White | N20: Both colours | O20: Club colours reference | P20: https://en.wikipedia.org/wiki/Liverpool_F.C. | Q20: White is a historical secondary/accent colour; the usual home strip is all red.
A21: Manchester City | B21: England | C21: Premier League | D21: 1 | E21: Single division | F21: 2026/27 | G21: Domestic | H21: First team | J21: S01 | K21: https://www.premierleague.com/en/clubs | L21: Sky blue | M21: White | N21: Both colours | O21: Historical kit reference | P21: https://www.rsssf.org/colours/england.html | Q21: Historical reference dated 2006. Traditional home-kit reference; not a 2026/27 kit check.
... A31: Burnley | B31: England | C31: EFL Championship | D31: 2 | E31: Single division | F31: 2026/27 | G31: Domestic | H31: First team | J31: S02 | K31: https://www.efl.com/news/2026/august/22/sky-bet-championship-results--table---stats/ | L31: Claret | M31: Sky blue | N31: Both colours | O31: Historical kit reference | P31: https://www.rsssf.org/colours/england.html | Q31: Historical reference dated 2006. Traditional home-kit reference; not a 2026/27 kit check.
A32: Cardiff City | B32: England | C32: EFL Championship | D32: 2 | E32: Single division | F32: 2026/27 | G32: Domestic | H32: First team | I32: Welsh club in the English league system. | J32: S02 | K32: https://www.efl.com/news/2026/august/22/sky-bet-championship-results--table---stats/ | L32: Blue | M32: White | N32: Both colours | O32: Historical kit reference | P32: https://www.rsssf.org/colours/england.html | Q32: Historical reference dated 2006. Traditional home-kit reference; not a 2026/27 kit check.
A33: Charlton Athletic | B33: England | C33: EFL Championship | D33: 2 | E33: Single division | F33: 2026/27 | G33: Domestic | H33: First team | J33: S02 | K33: https://www.efl.com/news/2026/august/22/sky-bet-championship-results--table---stats/ | L33: Red | M33: White | N33: Both colours | O33: Historical kit reference | P33: https://www.rsssf.org/colours/england.html | Q33: Historical reference dated 2006. Traditional home-kit reference; not a 2026/27 kit check.
A34: Derby County | B34: England | C34: EFL Championship | D34: 2 | E34: Single division | F34: 2026/27 | G34: Domestic | H34: First team | J34: S02 | K34: https://www.efl.com/news/2026/august/22/sky-bet-championship-results--table---stats/ | L34: White | M34: Black | N34: Both colours | O34: Historical kit reference | P34: https://www.rsssf.org/colours/england.html | Q34: Historical reference dated 2006. Traditional home-kit reference; not a 2026/27 kit check.
A35: Lincoln City | B35: England | C35: EFL Championship | D35: 2 | E35: Single division | F35: 2026/27 | G35: Domestic | H35: First team | J35: S02 | K35: https://www.efl.com/news/2026/august/22/sky-bet-championship-results--table---stats/ | L35: Red | M35: White | N35: Both colours | O35: Historical kit reference | P35: https://www.rsssf.org/colours/england.html | Q35: Historical reference dated 2006. Traditional home-kit reference; not a 2026/27 kit check.
A36: Middlesbrough | B36: England | C36: EFL Championship | D36: 2 | E36: Single division | F36: 2026/27 | G36: Domestic | H36: First team | J36: S02 | K36: https://www.efl.com/news/2026/august/22/sky-bet-championship-results--table---stats/ | L36: Red | M36: White | N36: Both colours | O36: Historical kit reference | P36: https://www.rsssf.org/colours/england.html | Q36: Historical reference dated 2006. Traditional home-kit reference; not a 2026/27 kit check.
A37: Millwall | B37: England | C37: EFL Championship | D37: 2 | E37: Single division | F37: 2026/27 | G37: Domestic | H37: First team | J37: S02 | K37: https://www.efl.com/news/2026/august/22/sky-bet-championship-results--table---stats/ | L37: Blue | M37: White | N37: Both colours | O37: Historical kit reference | P37: https://www.rsssf.org/colours/england.html | Q37: Historical reference dated 2006. Traditional home-kit reference; not a 2026/27 kit check.
A38: Norwich City | B38: England | C38: EFL Championship | D38: 2 | E38: Single division | F38: 2026/27 | G38: Domestic | H38: First team | J38: S02 | K38: https://www.efl.com/news/2026/august/22/sky-bet-championship-results--table---stats/ | L38: Yellow | M38: Green | N38: Both colours | O38: Historical kit reference | P38: https://www.rsssf.org/colours/england.html | Q38: Historical reference dated 2006. Traditional home-kit reference; not a 2026/27 kit check.
A39: Portsmouth | B39: England | C39: EFL Championship | D39: 2 | E39: Single division | F39: 2026/27 | G39: Domestic | H39: First team | J39: S02 | K39: https://www.efl.com/news/2026/august/22/sky-bet-championship-results--table---stats/ | L39: Blue | M39: White | N39: Both colours | O39: Historical kit reference | P39: https://www.rsssf.org/colours/england.html | Q39: Historical reference dated 2006. Traditional home-kit reference; not a 2026/27 kit check. Red is an additional colour.
A40: Preston North End | B40: England | C40: EFL Championship | D40: 2 | E40: Single division | F40: 2026/27 | G40: Domestic | H40: First team | J40: S02 | K40: https://www.efl.com/news/2026/august/22/sky-bet-championship-results--table---stats/ | L40: White | M40: Navy blue | N40: Both colours | O40: Historical kit reference | P40: https://www.rsssf.org/colours/england.html | Q40: Historical reference dated 2006. Traditional home-kit reference; not a 2026/27 kit check.
A41: Queens Park Rangers | B41: England | C41: EFL Championship | D41: 2 | E41: Single division | F41: 2026/27 | G41: Domestic | H41: First team | J41: S02 | K41: https://www.efl.com/news/2026/august/22/sky-bet-championship-results--table---stats/ | L41: Blue | M41: White | N41: Both colours | O41: Historical kit reference | P41: https://www.rsssf.org/colours/england.html | Q41: Historical reference dated 2006. Traditional home-kit reference; not a 2026/27 kit check.
A42: Sheffield United | B42: England | C42: EFL Championship | D42: 2 | E42: Single division | F42: 2026/27 | G42: Domestic | H42: First team | J42: S02 | K42: https://www.efl.com/news/2026/august/22/sky-bet-championship-results--table---stats/ | L42: Red | M42: White | N42: Both colours | O42: Historical kit reference | P42: https://www.rsssf.org/colours/england.html | Q42: Historical reference dated 2006. Traditional home-kit reference; not a 2026/27 kit check. Black is an additional colour.
A43: Southampton | B43: England | C43: EFL Championship | D43: 2 | E43: Single division | F43: 2026/27 | G43: Domestic | H43: First team | J43: S02 | K43: https://www.efl.com/news/2026/august/22/sky-bet-championship-results--table---stats/ | L43: Red | M43: White | N43: Both colours | O43: Historical kit reference | P43: https://www.rsssf.org/colours/england.html | Q43: Historical reference dated 2006. Traditional home-kit reference; not a 2026/27 kit check.
A44: Stoke City | B44: England | C44: EFL Championship | D44: 2 | E44: Single division | F44: 2026/27 | G44: Domestic | H44: First team | J44: S02 | K44: https://www.efl.com/news/2026/august/22/sky-bet-championship-results--table---stats/ | L44: Red | M44: White | N44: Both colours | O44: Historical kit reference | P44: https://www.rsssf.org/colours/england.html | Q44: Historical reference dated 2006. Traditional home-kit reference; not a 2026/27 kit check.
A45: Swansea City | B45: England | C45: EFL Championship | D45: 2 | E45: Single division | F45: 2026/27 | G45: Domestic | H45: First team | I45: Welsh club in the English league system. | J45: S02 | K45: https://www.efl.com/news/2026/august/22/sky-bet-championship-results--table---stats/ | L45: White | M45: Black | N45: Both colours | O45: Historical kit reference | P45: https://www.rsssf.org/colours/england.html | Q45: Historical reference dated 2006. Traditional home-kit reference; not a 2026/27 kit check.
A46: Watford | B46: England | C46: EFL Championship | D46: 2 | E46: Single division | F46: 2026/27 | G46: Domestic | H46: First team | J46: S02 | K46: https://www.efl.com/news/2026/august/22/sky-bet-championship-results--table---stats/ | L46: Yellow | M46: Black | N46: Both colours | O46: Traditional kit reference | P46: https://www.football-stadiums.co.uk/articles/football-club-kit-colours/
A47: West Bromwich Albion | B47: England | C47: EFL Championship | D47: 2 | E47: Single division | F47: 2026/27 | G47: Domestic | H47: First team | J47: S02 | K47: https://www.efl.com/news/2026/august/22/sky-bet-championship-results--table---stats/ | L47: Navy blue | M47: White | N47: Both colours | O47: Club colours reference | P47: https://en.wikipedia.org/wiki/West_Bromwich_Albion_F.C.
A48: West Ham United | B48: England | C48: EFL Championship | D48: 2 | E48: Single division | F48: 2026/27 | G48: Domestic | H48: First team | J48: S02 | K48: https://www.efl.com/news/2026/august/22/sky-bet-championship-results--table---stats/ | L48: Claret | M48: Sky blue | N48: Both colours | O48: Historical kit reference | P48: https://www.rsssf.org/colours/england.html | Q48: Historical reference dated 2006. Traditional home-kit reference; not a 2026/27 kit check.
A49: Wolverhampton Wanderers | B49: England | C49: EFL Championship | D49: 2 | E49: Single division | F49: 2026/27 | G49: Domestic | H49: First team | J49: S02 | K49: https://www.efl.com/news/2026/august/22/sky-bet-championship-results--table---stats/ | L49: Old gold | M49: Black | N49: Both colours | O49: Historical kit reference | P49: https://www.rsssf.org/colours/england.html | Q49: Historical reference dated 2006. Traditional home-kit reference; not a 2026/27 kit check.
A50: Wrexham | B50: England | C50: EFL Championship | D50: 2 | E50: Single division | F50: 2026/27 | G50: Domestic | H50: First team | I50: Welsh club in the English league system. | J50: S02 | K50: https://www.efl.com/news/2026/august/22/sky-bet-championship-results--table---stats/ | L50: Red | M50: White | N50: Both colours | O50: Club colours reference | P50: https://en.wikipedia.org/wiki/Wrexham_A.F.C.
A51: AFC Wimbledon | B51: England | C51: EFL League One | D51: 3 | E51: Single division | F51: 2026/27 | G51: Domestic | H51: First team | J51: S03 | K51: https://www.efl.com/competitions/efl-league-one/ | L51: Royal blue | M51: Yellow | N51: Both colours | O51: Club colours reference | P51: https://en.wikipedia.org/wiki/AFC_Wimbledon
A52: Barnsley | B52: England | C52: EFL League One | D52: 3 | E52: Single division | F52: 2026/27 | G52: Domestic | H52: First team | J52: S03 | K52: https://www.efl.com/competitions/efl-league-one/ | L52: Red | M52: White | N52: Both colours | O52: Historical kit reference | P52: https://www.rsssf.org/colours/england.html | Q52: Historical reference dated 2006. Traditional home-kit reference; not a 2026/27 kit check.
A53: Blackpool | B53: England | C53: EFL League One | D53: 3 | E53: Single division | F53: 2026/27 | G53: Domestic | H53: First team | J53: S03 | K53: https://www.efl.com/competitions/efl-league-one/ | L53: Tangerine | M53: White | N53: Both colours | O53: Historical kit reference | P53: https://www.rsssf.org/colours/england.html | Q53: Historical reference dated 2006. Traditional home-kit reference; not a 2026/27 kit check.
A54: Bradford City | B54: England | C54: EFL League One | D54: 3 | E54: Single division | F54: 2026/27 | G54: Domestic | H54: First team | J54: S03 | K54: https://www.efl.com/competitions/efl-league-one/ | L54: Claret | M54: Amber | N54: Both colours | O54: Historical kit reference | P54: https://www.rsssf.org/colours/england.html | Q54: Historical reference dated 2006. Traditional home-kit reference; not a 2026/27 kit check.
A55: Bromley | B55: England | C55: EFL League One | D55: 3 | E55: Single division | F55: 2026/27 | G55: Domestic | H55: First team | J55: S03 | K55: https://www.efl.com/competitions/efl-league-one/ | L55: White | M55: Black | N55: Both colours | O55: Third-party palette reference | P55: https://teamcolorcodes.com/bromley-f-c-color-codes/ | Q55: Traditional white/black pair selected from the published logo palette, which also includes tan and red; not a 2026/27 kit check.
A56: Burton Albion | B56: England | C56: EFL League One | D56: 3 | E56: Single division | F56: 2026/27 | G56: Domestic | H56: First team | J56: S03 | K56: https://www.efl.com/competitions/efl-league-one/ | L56: Yellow | M56: Black | N56: Both colours | O56: Club colours reference | P56: https://en.wikipedia.org/wiki/Burton_Albion_F.C.
A57: Cambridge United | B57: England | C57: EFL League One | D57: 3 | E57: Single division | F57: 2026/27 | G57: Domestic | H57: First team | J57: S03 | K57: https://www.efl.com/competitions/efl-league-one/ | L57: Amber | M57: Black | N57: Both colours | O57: Club colours reference | P57: https://en.wikipedia.org/wiki/Cambridge_United_F.C.
A58: Doncaster Rovers | B58: England | C58: EFL League One | D58: 3 | E58: Single division | F58: 2026/27 | G58: Domestic | H58: First team | J58: S03 | K58: https://www.efl.com/competitions/efl-league-one/ | L58: Red | M58: White | N58: Both colours | O58: Historical kit reference | P58: https://www.rsssf.org/colours/england.html | Q58: Historical reference dated 2006. Traditional home-kit reference; not a 2026/27 kit check.
A59: Huddersfield Town | B59: England | C59: EFL League One | D59: 3 | E59: Single division | F59: 2026/27 | G59: Domestic | H59: First team | J59: S03 | K59: https://www.efl.com/competitions/efl-league-one/ | L59: Blue | M59: White | N59: Both colours | O59: Historical kit reference | P59: https://www.rsssf.org/colours/england.html | Q59: Historical reference dated 2006. Traditional home-kit reference; not a 2026/27 kit check.
A60: Leicester City | B60: England | C60: EFL League One | D60: 3 | E60: Single division | F60: 2026/27 | G60: Domestic | H60: First team | J60: S03 | K60: https://www.efl.com/competitions/efl-league-one/ | L60: Blue | M60: White | N60: Both colours | O60: Historical kit reference | P60: https://www.rsssf.org/colours/england.html | Q60: Historical reference dated 2006. Traditional home-kit reference; not a 2026/27 kit check.
A61: Leyton Orient | B61: England | C61: EFL League One | D61: 3 | E61: Single division | F61: 2026/27 | G61: Domestic | H61: First team | J61: S03 | K61: https://www.efl.com/competitions/efl-league-one/ | L61: Red | M61: White | N61: Both colours | O61: Historical kit reference | P61: https://www.rsssf.org/colours/england.html | Q61: Historical reference dated 2006. Traditional home-kit reference; not a 2026/27 kit check.
A62: Luton Town | B62: England | C62: EFL League One | D62: 3 | E62: Single division | F62: 2026/27 | G62: Domestic | H62: First team | J62: S03 | K62: https://www.efl.com/competitions/efl-league-one/ | L62: Orange | M62: Navy blue | N62: Both colours | O62: Club colours reference | P62: https://en.wikipedia.org/wiki/Luton_Town_F.C. | Q62: White is an additional club colour.
A63: Mansfield Town | B63: England | C63: EFL League One | D63: 3 | E63: Single division | F63: 2026/27 | G63: Domestic | H63: First team | J63: S03 | K63: https://www.efl.com/competitions/efl-league-one/ | L63: Amber | M63: Blue | N63: Both colours | O63: Historical kit reference | P63: https://www.rsssf.org/colours/england.html | Q63: Historical reference dated 2006. Traditional home-kit reference; not a 2026/27 kit check.
A64: MK Dons | B64: England | C64: EFL League One | D64: 3 | E64: Single division | F64: 2026/27 | G64: Domestic | H64: First team | J64: S03 | K64: https://www.efl.com/competitions/efl-league-one/ | L64: White | M64: Red | N64: Both colours | O64: Historical kit reference | P64: https://www.rsssf.org/colours/england.html | Q64: Historical reference dated 2006. Traditional home-kit reference; not a 2026/27 kit check.
A65: Notts County | B65: England | C65: EFL League One | D65: 3 | E65: Single division | F65: 2026/27 | G65: Domestic | H65: First team | J65: S03 | K65: https://www.efl.com/competitions/efl-league-one/ | L65: Black | M65: White | N65: Both colours | O65: Historical kit reference | P65: https://www.rsssf.org/colours/england.html | Q65: Historical reference dated 2006. Traditional home-kit reference; not a 2026/27 kit check.
A66: Oxford United | B66: England | C66: EFL League One | D66: 3 | E66: Single division | F66: 2026/27 | G66: Domestic | H66: First team | J66: S03 | K66: https://www.efl.com/competitions/efl-league-one/ | L66: Yellow | M66: Blue | N66: Both colours | O66: Traditional kit reference | P66: https://www.football-stadiums.co.uk/articles/football-club-kit-colours/
A67: Peterborough United | B67: England | C67: EFL League One | D67: 3 | E67: Single division | F67: 2026/27 | G67: Domestic | H67: First team | J67: S03 | K67: https://www.efl.com/competitions/efl-league-one/ | L67: Blue | M67: White | N67: Both colours | O67: Historical kit reference | P67: https://www.rsssf.org/colours/england.html | Q67: Historical reference dated 2006. Traditional home-kit reference; not a 2026/27 kit check.
A68: Plymouth Argyle | B68: England | C68: EFL League One | D68: 3 | E68: Single division | F68: 2026/27 | G68: Domestic | H68: First team | J68: S03 | K68: https://www.efl.com/competitions/efl-league-one/ | L68: Green | M68: White | N68: Both colours | O68: Historical kit reference | P68: https://www.rsssf.org/colours/england.html | Q68: Historical reference dated 2006. Traditional home-kit reference; not a 2026/27 kit check.
A69: Reading | B69: England | C69: EFL League One | D69: 3 | E69: Single division | F69: 2026/27 | G69: Domestic | H69: First team | J69: S03 | K69: https://www.efl.com/competitions/efl-league-one/ | L69: Blue | M69: White | N69: Both colours | O69: Historical kit reference | P69: https://www.rsssf.org/colours/england.html | Q69: Historical reference dated 2006. Traditional home-kit reference; not a 2026/27 kit check.
A70: Sheffield Wednesday | B70: England | C70: EFL League One | D70: 3 | E70: Single division | F70: 2026/27 | G70: Domestic | H70: First team | J70: S03 | K70: https://www.efl.com/competitions/efl-league-one/ | L70: Blue | M70: White | N70: Both colours | O70: Historical kit reference | P70: https://www.rsssf.org/colours/england.html | Q70: Historical reference dated 2006. Traditional home-kit reference; not a 2026/27 kit check.
A71: Stevenage | B71: England | C71: EFL League One | D71: 3 | E71: Single division | F71: 2026/27 | G71: Domestic | H71: First team | J71: S03 | K71: https://www.efl.com/competitions/efl-league-one/ | L71: Red | M71: White | N71: Both colours | O71: Club colours reference | P71: https://en.wikipedia.org/wiki/Stevenage_F.C.
A72: Stockport County | B72: England | C72: EFL League One | D72: 3 | E72: Single division | F72: 2026/27 | G72: Domestic | H72: First team | J72: S03 | K72: https://www.efl.com/competitions/efl-league-one/ | L72: Blue | M72: White | N72: Both colours | O72: Historical kit reference | P72: https://www.rsssf.org/colours/england.html | Q72: Historical reference dated 2006. Traditional home-kit reference; not a 2026/27 kit check.
A73: Wigan Athletic | B73: England | C73: EFL League One | D73: 3 | E73: Single division | F73: 2026/27 | G73: Domestic | H73: First team | J73: S03 | K73: https://www.efl.com/competitions/efl-league-one/ | L73: Blue | M73: White | N73: Both colours | O73: Historical kit reference | P73: https://www.rsssf.org/colours/england.html | Q73: Historical reference dated 2006. Traditional home-kit reference; not a 2026/27 kit check.
A74: Wycombe Wanderers | B74: England | C74: EFL League One | D74: 3 | E74: Single division | F74: 2026/27 | G74: Domestic | H74: First team | J74: S03 | K74: https://www.efl.com/competitions/efl-league-one/ | L74: Sky blue | M74: Navy blue | N74: Both colours | O74: Historical kit reference | P74: https://www.rsssf.org/colours/england.html | Q74: Historical reference dated 2006. Traditional home-kit reference; not a 2026/27 kit check.
A75: Athletic Club | B75: Spain | C75: LaLiga | D75: 1 | E75: Single division | F75: 2026/27 | G75: Domestic | H75: First team | J75: S04 | K75: https://www.laliga.com/en-GB/laliga-easports/clubs | L75: Red | M75: White | N75: Both colours | O75: Historical kit reference | P75: https://www.rsssf.org/colours/spain.html | Q75: Historical reference dated 2008. Traditional palette from a 2008 home-kit reference; not a current-season kit check. Black is an additional colour.
A76: Atlético de Madrid | B76: Spain | C76: LaLiga | D76: 1 | E76: Single division | F76: 2026/27 | G76: Domestic | H76: First team | J76: S04 | K76: https://www.laliga.com/en-GB/laliga-easports/clubs | L76: Red | M76: White | N76: Both colours | O76: Historical kit reference | P76: https://www.rsssf.org/colours/spain.html | Q76: Historical reference dated 2008. Traditional palette from a 2008 home-kit reference; not a current-season kit check. Blue is an additional colour.
A77: Barcelona | B77: Spain | C77: LaLiga | D77: 1 | E77: Single division | F77: 2026/27 | G77: Domestic | H77: First team | J77: S04 | K77: https://www.laliga.com/en-GB/laliga-easports/clubs | L77: Blue | M77: Claret | N77: Both colours | O77: Historical kit reference | P77: https://www.rsssf.org/colours/spain.html | Q77: Historical reference dated 2008. Traditional palette from a 2008 home-kit reference; not a current-season kit check.
A78: Celta Vigo | B78: Spain | C78: LaLiga | D78: 1 | E78: Single division | F78: 2026/27 | G78: Domestic | H78: First team | J78: S04 | K78: https://www.laliga.com/en-GB/laliga-easports/clubs | L78: Sky blue | M78: White | N78: Both colours | O78: Historical kit reference | P78: https://www.rsssf.org/colours/spain.html | Q78: Historical reference dated 2008. Traditional palette from a 2008 home-kit reference; not a current-season kit check.
A79: Deportivo Alavés | B79: Spain | C79: LaLiga | D79: 1 | E79: Single division | F79: 2026/27 | G79: Domestic | H79: First team | J79: S04 | K79: https://www.laliga.com/en-GB/laliga-easports/clubs | L79: Blue | M79: White | N79: Both colours | O79: Historical kit reference | P79: https://www.rsssf.org/colours/spain.html | Q79: Historical reference dated 2008. Traditional palette from a 2008 home-kit reference; not a current-season kit check.
A80: Deportivo La Coruña | B80: Spain | C80: LaLiga | D80: 1 | E80: Single division | F80: 2026/27 | G80: Domestic | H80: First team | J80: S04 | K80: https://www.laliga.com/en-GB/laliga-easports/clubs | L80: Blue | M80: White | N80: Both colours | O80: Historical kit reference | P80: https://www.rsssf.org/colours/spain.html | Q80: Historical reference dated 2008. Traditional palette from a 2008 home-kit reference; not a current-season kit check.
A81: Elche | B81: Spain | C81: LaLiga | D81: 1 | E81: Single division | F81: 2026/27 | G81: Domestic | H81: First team | J81: S04 | K81: https://www.laliga.com/en-GB/laliga-easports/clubs | L81: White | M81: Green | N81: Both colours | O81: Historical kit reference | P81: https://www.rsssf.org/colours/spain.html | Q81: Historical reference dated 2008. Traditional palette from a 2008 home-kit reference; not a current-season kit check.
A82: Espanyol | B82: Spain | C82: LaLiga | D82: 1 | E82: Single division | F82: 2026/27 | G82: Domestic | H82: First team | J82: S04 | K82: https://www.laliga.com/en-GB/laliga-easports/clubs | L82: Blue | M82: White | N82: Both colours | O82: Historical kit reference | P82: https://www.rsssf.org/colours/spain.html | Q82: Historical reference dated 2008. Traditional palette from a 2008 home-kit reference; not a current-season kit check.
A83: Getafe | B83: Spain | C83: LaLiga | D83: 1 | E83: Single division | F83: 2026/27 | G83: Domestic | H83: First team | J83: S04 | K83: https://www.laliga.com/en-GB/laliga-easports/clubs | L83: Blue | M83: Red | N83: Both colours | O83: Historical kit reference | P83: https://www.rsssf.org/colours/spain.html | Q83: Historical reference dated 2008. Traditional palette from a 2008 home-kit reference; not a current-season kit check.
... A85: Málaga | B85: Spain | C85: LaLiga | D85: 1 | E85: Single division | F85: 2026/27 | G85: Domestic | H85: First team | J85: S04 | K85: https://www.laliga.com/en-GB/laliga-easports/clubs | L85: Sky blue | M85: White | N85: Both colours | O85: Historical kit reference | P85: https://www.rsssf.org/colours/spain.html | Q85: Historical reference dated 2008. Traditional palette from a 2008 home-kit reference; not a current-season kit check.
A86: Osasuna | B86: Spain | C86: LaLiga | D86: 1 | E86: Single division | F86: 2026/27 | G86: Domestic | H86: First team | J86: S04 | K86: https://www.laliga.com/en-GB/laliga-easports/clubs | L86: Red | M86: Blue | N86: Both colours | O86: Club colours reference | P86: https://fr.wikipedia.org/wiki/Club_Atl%C3%A9tico_Osasuna
A87: Racing Santander | B87: Spain | C87: LaLiga | D87: 1 | E87: Single division | F87: 2026/27 | G87: Domestic | H87: First team | J87: S04 | K87: https://www.laliga.com/en-GB/laliga-easports/clubs | L87: White | M87: Green | N87: Both colours | O87: Historical kit reference | P87: https://www.rsssf.org/colours/spain.html | Q87: Historical reference dated 2008. Traditional palette from a 2008 home-kit reference; not a current-season kit check.
A88: Rayo Vallecano | B88: Spain | C88: LaLiga | D88: 1 | E88: Single division | F88: 2026/27 | G88: Domestic | H88: First team | J88: S04 | K88: https://www.laliga.com/en-GB/laliga-easports/clubs | L88: White | M88: Red | N88: Both colours | O88: Historical kit reference | P88: https://www.rsssf.org/colours/spain.html | Q88: Historical reference dated 2008. Traditional palette from a 2008 home-kit reference; not a current-season kit check.
A89: Real Betis | B89: Spain | C89: LaLiga | D89: 1 | E89: Single division | F89: 2026/27 | G89: Domestic | H89: First team | J89: S04 | K89: https://www.laliga.com/en-GB/laliga-easports/clubs | L89: Green | M89: White | N89: Both colours | O89: Historical kit reference | P89: https://www.rsssf.org/colours/spain.html | Q89: Historical reference dated 2008. Traditional palette from a 2008 home-kit reference; not a current-season kit check.
A90: Real Madrid | B90: Spain | C90: LaLiga | D90: 1 | E90: Single division | F90: 2026/27 | G90: Domestic | H90: First team | J90: S04 | K90: https://www.laliga.com/en-GB/laliga-easports/clubs | L90: White | M90: Violet | N90: Both colours | O90: Historical kit reference | P90: https://www.rsssf.org/colours/spain.html | Q90: Historical reference dated 2008. Traditional palette from a 2008 home-kit reference; not a current-season kit check.
A91: Real Sociedad | B91: Spain | C91: LaLiga | D91: 1 | E91: Single division | F91: 2026/27 | G91: Domestic | H91: First team | J91: S04 | K91: https://www.laliga.com/en-GB/laliga-easports/clubs | L91: Blue | M91: White | N91: Both colours | O91: Historical kit reference | P91: https://www.rsssf.org/colours/spain.html | Q91: Historical reference dated 2008. Traditional palette from a 2008 home-kit reference; not a current-season kit check.
A92: Sevilla | B92: Spain | C92: LaLiga | D92: 1 | E92: Single division | F92: 2026/27 | G92: Domestic | H92: First team | J92: S04 | K92: https://www.laliga.com/en-GB/laliga-easports/clubs | L92: White | M92: Red | N92: Both colours | O92: Historical kit reference | P92: https://www.rsssf.org/colours/spain.html | Q92: Historical reference dated 2008. Traditional palette from a 2008 home-kit reference; not a current-season kit check.
A93: Valencia | B93: Spain | C93: LaLiga | D93: 1 | E93: Single division | F93: 2026/27 | G93: Domestic | H93: First team | J93: S04 | K93: https://www.laliga.com/en-GB/laliga-easports/clubs | L93: White | M93: Black | N93: Both colours | O93: Historical kit reference | P93: https://www.rsssf.org/colours/spain.html | Q93: Historical reference dated 2008. Traditional palette from a 2008 home-kit reference; not a current-season kit check.
A94: Villarreal | B94: Spain | C94: LaLiga | D94: 1 | E94: Single division | F94: 2026/27 | G94: Domestic | H94: First team | J94: S04 | K94: https://www.laliga.com/en-GB/laliga-easports/clubs | L94: Yellow | M94: Blue | N94: Both colours | O94: Historical kit reference | P94: https://www.rsssf.org/colours/spain.html | Q94: Historical reference dated 2008. Traditional palette from a 2008 home-kit reference; not a current-season kit check.
A95: AD Ceuta | B95: Spain | C95: Segunda División | D95: 2 | E95: Single division | F95: 2026/27 | G95: Domestic | H95: First team | J95: S05 | K95: https://www.laliga.com/en-GB/laliga-hypermotion/clubs | L95: White | M95: Black | N95: Both colours | O95: Club colours reference | P95: https://www.rtvce.es/articulo/deportes/tradicion-innovacion-nuevas-equipaciones-ad-ceuta/20260727200148101725.html | Q95: Red is an additional accent; the quoted manufacturer statement identifies the black/white club palette.
A96: Albacete | B96: Spain | C96: Segunda División | D96: 2 | E96: Single division | F96: 2026/27 | G96: Domestic | H96: First team | J96: S05 | K96: https://www.laliga.com/en-GB/laliga-hypermotion/clubs | L96: White | M96: Garnet | N96: Both colours | O96: Club colours reference | P96: https://fr.wikipedia.org/wiki/Albacete_Balompi%C3%A9 | Q96: Black is a third colour.
A97: Almería | B97: Spain | C97: Segunda División | D97: 2 | E97: Single division | F97: 2026/27 | G97: Domestic | H97: First team | J97: S05 | K97: https://www.laliga.com/en-GB/laliga-hypermotion/clubs | L97: Red | M97: White | N97: Both colours | O97: Historical kit reference | P97: https://www.rsssf.org/colours/spain.html | Q97: Historical reference dated 2008. Traditional palette from a 2008 home-kit reference; not a current-season kit check.
A98: Burgos | B98: Spain | C98: Segunda División | D98: 2 | E98: Single division | F98: 2026/27 | G98: Domestic | H98: First team | J98: S05 | K98: https://www.laliga.com/en-GB/laliga-hypermotion/clubs | L98: White | M98: Black | N98: Both colours | O98: Historical kit reference | P98: https://www.rsssf.org/colours/spain.html | Q98: Historical reference dated 2008. Traditional palette from a 2008 home-kit reference; not a current-season kit check.
... A103: Eibar | B103: Spain | C103: Segunda División | D103: 2 | E103: Single division | F103: 2026/27 | G103: Domestic | H103: First team | J103: S05 | K103: https://www.laliga.com/en-GB/laliga-hypermotion/clubs | L103: Blue | M103: Claret | N103: Both colours | O103: Historical kit reference | P103: https://www.rsssf.org/colours/spain.html | Q103: Historical reference dated 2008. Traditional palette from a 2008 home-kit reference; not a current-season kit check.
A104: Eldense | B104: Spain | C104: Segunda División | D104: 2 | E104: Single division | F104: 2026/27 | G104: Domestic | H104: First team | J104: S05 | K104: https://www.laliga.com/en-GB/laliga-hypermotion/clubs | L104: Blue | M104: Claret | N104: Both colours | O104: Club colours reference | P104: https://es.wikipedia.org/wiki/Club_Deportivo_Eldense
A105: FC Andorra | B105: Spain | C105: Segunda División | D105: 2 | E105: Single division | F105: 2026/27 | G105: Domestic | H105: First team | I105: Andorran club in the Spanish league system. | J105: S05 | K105: https://www.laliga.com/en-GB/laliga-hypermotion/clubs | L105: Blue | M105: Yellow | N105: Both colours | O105: Club colours reference | P105: https://es.wikipedia.org/wiki/Futbol_Club_Andorra | Q105: Red is a third defining club colour; the club is known as the tricolours.
A106: Girona | B106: Spain | C106: Segunda División | D106: 2 | E106: Single division | F106: 2026/27 | G106: Domestic | H106: First team | J106: S05 | K106: https://www.laliga.com/en-GB/laliga-hypermotion/clubs | L106: Red | M106: White | N106: Both colours | O106: Historical kit reference | P106: https://www.rsssf.org/colours/spain.html | Q106: Historical reference dated 2008. Traditional palette from a 2008 home-kit reference; not a current-season kit check.
A107: Granada | B107: Spain | C107: Segunda División | D107: 2 | E107: Single division | F107: 2026/27 | G107: Domestic | H107: First team | J107: S05 | K107: https://www.laliga.com/en-GB/laliga-hypermotion/clubs | L107: Red | M107: White | N107: Both colours | O107: Historical kit reference | P107: https://www.rsssf.org/colours/spain.html | Q107: Historical reference dated 2008. Traditional palette from a 2008 home-kit reference; not a current-season kit check.
A108: Las Palmas | B108: Spain | C108: Segunda División | D108: 2 | E108: Single division | F108: 2026/27 | G108: Domestic | H108: First team | J108: S05 | K108: https://www.laliga.com/en-GB/laliga-hypermotion/clubs | L108: Yellow | M108: Blue | N108: Both colours | O108: Historical kit reference | P108: https://www.rsssf.org/colours/spain.html | Q108: Historical reference dated 2008. Traditional palette from a 2008 home-kit reference; not a current-season kit check.
A109: Leganés | B109: Spain | C109: Segunda División | D109: 2 | E109: Single division | F109: 2026/27 | G109: Domestic | H109: First team | J109: S05 | K109: https://www.laliga.com/en-GB/laliga-hypermotion/clubs | L109: Blue | M109: White | N109: Both colours | O109: Historical kit reference | P109: https://www.rsssf.org/colours/spain.html | Q109: Historical reference dated 2008. Traditional palette from a 2008 home-kit reference; not a current-season kit check.
A110: Mallorca | B110: Spain | C110: Segunda División | D110: 2 | E110: Single division | F110: 2026/27 | G110: Domestic | H110: First team | J110: S05 | K110: https://www.laliga.com/en-GB/laliga-hypermotion/clubs | L110: Red | M110: Black | N110: Both colours | O110: Historical kit reference | P110: https://www.rsssf.org/colours/spain.html | Q110: Historical reference dated 2008. Traditional palette from a 2008 home-kit reference; not a current-season kit check.
A111: Real Oviedo | B111: Spain | C111: Segunda División | D111: 2 | E111: Single division | F111: 2026/27 | G111: Domestic | H111: First team | J111: S05 | K111: https://www.laliga.com/en-GB/laliga-hypermotion/clubs | L111: Blue | M111: White | N111: Both colours | O111: Club colours reference | P111: https://fr.wikipedia.org/wiki/Real_Oviedo | Q111: Yellow is a third colour.
A112: Real Sociedad B | B112: Spain | C112: Segunda División | D112: 2 | E112: Single division | F112: 2026/27 | G112: Domestic | H112: Reserve team | J112: S05 | K112: https://www.laliga.com/en-GB/laliga-hypermotion/clubs | L112: Blue | M112: White | N112: Both colours | O112: Parent-club palette (inferred) | P112: https://www.rsssf.org/colours/spain.html | Q112: Uses the parent-club identity colours of Real Sociedad; reserve-specific palette not independently confirmed. Parent source is a historical reference dated 2008.
A113: Real Valladolid | B113: Spain | C113: Segunda División | D113: 2 | E113: Single division | F113: 2026/27 | G113: Domestic | H113: First team | J113: S05 | K113: https://www.laliga.com/en-GB/laliga-hypermotion/clubs | L113: Violet | M113: White | N113: Both colours | O113: Historical kit reference | P113: https://www.rsssf.org/colours/spain.html | Q113: Historical reference dated 2008. Traditional palette from a 2008 home-kit reference; not a current-season kit check.
A114: Sabadell | B114: Spain | C114: Segunda División | D114: 2 | E114: Single division | F114: 2026/27 | G114: Domestic | H114: First team | J114: S05 | K114: https://www.laliga.com/en-GB/laliga-hypermotion/clubs | L114: Blue | M114: White | N114: Both colours | O114: Historical kit reference | P114: https://www.rsssf.org/colours/spain.html | Q114: Historical reference dated 2008. Traditional palette from a 2008 home-kit reference; not a current-season kit check.
A115: Sporting Gijón | B115: Spain | C115: Segunda División | D115: 2 | E115: Single division | F115: 2026/27 | G115: Domestic | H115: First team | J115: S05 | K115: https://www.laliga.com/en-GB/laliga-hypermotion/clubs | L115: Red | M115: White | N115: Both colours | O115: Historical kit reference | P115: https://www.rsssf.org/colours/spain.html | Q115: Historical reference dated 2008. Traditional palette from a 2008 home-kit reference; not a current-season kit check. Blue is an additional colour.
A116: Tenerife | B116: Spain | C116: Segunda División | D116: 2 | E116: Single division | F116: 2026/27 | G116: Domestic | H116: First team | J116: S05 | K116: https://www.laliga.com/en-GB/laliga-hypermotion/clubs | L116: White | M116: Blue | N116: Both colours | O116: Historical kit reference | P116: https://www.rsssf.org/colours/spain.html | Q116: Historical reference dated 2008. Traditional palette from a 2008 home-kit reference; not a current-season kit check.
...

Sheet Competitions
A1: COMPETITIONS | COVERAGE CHECK
A3: 27 competitions | Expected membership compared with rows in All Teams | Group counts include all regional divisions
A4: Return to Overview | Filters are in row 6. Sources and scope notes are included in this workbook.
A6: Country / system | B6: Competition | C6: Tier | D6: Season | E6: Groups | F6: Expected teams | G6: Listed teams | H6: Check | I6: Scope | J6: Notes | K6: Source ID | L6: Source URL
A7: England | B7: Premier League | C7: 1 | D7: 2026/27 | E7: 1 | F7: 20 | G7: =COUNTIF('All Teams'!$C$7:$C$785,B7) -> 20 | H7: =IF(F7=G7,"OK","REVIEW") -> OK | I7: Domestic | K7: S01 | L7: https://www.premierleague.com/en/clubs
A8: England | B8: EFL Championship | C8: 2 | D8: 2026/27 | E8: 1 | F8: 24 | G8: =COUNTIF('All Teams'!$C$7:$C$785,B8) -> 24 | H8: =IF(F8=G8,"OK","REVIEW") -> OK | I8: Domestic | K8: S02 | L8: https://www.efl.com/news/2026/august/22/sky-bet-championship-results--table---stats/
A9: England | B9: EFL League One | C9: 3 | D9: 2026/27 | E9: 1 | F9: 24 | G9: =COUNTIF('All Teams'!$C$7:$C$785,B9) -> 24 | H9: =IF(F9=G9,"OK","REVIEW") -> OK | I9: Domestic | K9: S03 | L9: https://www.efl.com/competitions/efl-league-one/
A10: Spain | B10: LaLiga | C10: 1 | D10: 2026/27 | E10: 1 | F10: 20 | G10: =COUNTIF('All Teams'!$C$7:$C$785,B10) -> 20 | H10: =IF(F10=G10,"OK","REVIEW") -> OK | I10: Domestic | K10: S04 | L10: https://www.laliga.com/en-GB/laliga-easports/clubs
A11: Spain | B11: Segunda División | C11: 2 | D11: 2026/27 | E11: 1 | F11: 22 | G11: =COUNTIF('All Teams'!$C$7:$C$785,B11) -> 22 | H11: =IF(F11=G11,"OK","REVIEW") -> OK | I11: Domestic | K11: S05 | L11: https://www.laliga.com/en-GB/laliga-hypermotion/clubs
A12: Spain | B12: Primera Federación | C12: 3 | D12: 2026/27 | E12: 2 | F12: 40 | G12: =COUNTIF('All Teams'!$C$7:$C$785,B12) -> 40 | H12: =IF(F12=G12,"OK","REVIEW") -> OK | I12: Domestic | J12: Both regional groups included. This is the third tier, not Segunda Federacion. | K12: S06 | L12: https://rfef.es/es/noticias/aprobados-los-grupos-de-primera-federacion-para-la-temporada-202627
A13: Italy | B13: Serie A | C13: 1 | D13: 2026/27 | E13: 1 | F13: 20 | G13: =COUNTIF('All Teams'!$C$7:$C$785,B13) -> 20 | H13: =IF(F13=G13,"OK","REVIEW") -> OK | I13: Domestic | K13: S07 | L13: https://sport.virgilio.it/calcio/squadre/
A14: Italy | B14: Serie B | C14: 2 | D14: 2026/27 | E14: 1 | F14: 20 | G14: =COUNTIF('All Teams'!$C$7:$C$785,B14) -> 20 | H14: =IF(F14=G14,"OK","REVIEW") -> OK | I14: Domestic | K14: S07 | L14: https://sport.virgilio.it/calcio/squadre/
A15: Italy | B15: Serie C | C15: 3 | D15: 2026/27 | E15: 3 | F15: 60 | G15: =COUNTIF('All Teams'!$C$7:$C$785,B15) -> 60 | H15: =IF(F15=G15,"OK","REVIEW") -> OK | I15: Domestic | J15: All three regional groups included. | K15: S08 | L15: https://it.blastingnews.com/calcio/2026/07/ultimora-serie-c-svelati-i-gironi-ufficiali-2026-27-004083523.html
A16: Germany | B16: Bundesliga | C16: 1 | D16: 2026/27 | E16: 1 | F16: 18 | G16: =COUNTIF('All Teams'!$C$7:$C$785,B16) -> 18 | H16: =IF(F16=G16,"OK","REVIEW") -> OK | I16: Domestic | K16: S09 | L16: https://en.wikipedia.org/wiki/2026%E2%80%9327_Bundesliga
A17: Germany | B17: 2. Bundesliga | C17: 2 | D17: 2026/27 | E17: 1 | F17: 18 | G17: =COUNTIF('All Teams'!$C$7:$C$785,B17) -> 18 | H17: =IF(F17=G17,"OK","REVIEW") -> OK | I17: Domestic | K17: S10 | L17: https://www.bundesliga.com/de/2bundesliga/tabelle?view=full
A18: Germany | B18: 3. Liga | C18: 3 | D18: 2026/27 | E18: 1 | F18: 20 | G18: =COUNTIF('All Teams'!$C$7:$C$785,B18) -> 20 | H18: =IF(F18=G18,"OK","REVIEW") -> OK | I18: Domestic | J18: Licensed field; TSV Havelse replaces TSV 1860 Munich. | K18: S11 | L18: https://www.dfb.de/news/teilnehmerfeld-der-3-liga-steht-fest-havelse-rueckt-fuer-1860-nach
A19: France | B19: Ligue 1 | C19: 1 | D19: 2026/27 | E19: 1 | F19: 18 | G19: =COUNTIF('All Teams'!$C$7:$C$785,B19) -> 18 | H19: =IF(F19=G19,"OK","REVIEW") -> OK | I19: Domestic | K19: S12 | L19: https://ligue1.com/en/articles/l1_article_5292-the-2026-27-ligue-1-mc-donald-s-calendar-is-released
A20: France | B20: Ligue 2 | C20: 2 | D20: 2026/27 | E20: 1 | F20: 18 | G20: =COUNTIF('All Teams'!$C$7:$C$785,B20) -> 18 | H20: =IF(F20=G20,"OK","REVIEW") -> OK | I20: Domestic | K20: S13 | L20: https://en.wikipedia.org/wiki/2026%E2%80%9327_Ligue_2
A21: France | B21: Ligue 3 | C21: 3 | D21: 2026/27 | E21: 1 | F21: 18 | G21: =COUNTIF('All Teams'!$C$7:$C$785,B21) -> 18 | H21: =IF(F21=G21,"OK","REVIEW") -> OK | I21: Domestic | J21: Formerly Championnat National; renamed Ligue 3 for 2026/27. | K21: S14 | L21: https://www.fff.fr/article/17022-le-calendrier-2026-2027-est-servi.html
A22: Romania | B22: SuperLiga | C22: 1 | D22: 2026/27 | E22: 1 | F22: 16 | G22: =COUNTIF('All Teams'!$C$7:$C$785,B22) -> 16 | H22: =IF(F22=G22,"OK","REVIEW") -> OK | I22: Domestic | K22: S16 | L22: https://lpf.ro/liga-1
A23: Romania | B23: Liga II | C23: 2 | D23: 2026/27 | E23: 1 | F23: 22 | G23: =COUNTIF('All Teams'!$C$7:$C$785,B23) -> 22 | H23: =IF(F23=G23,"OK","REVIEW") -> OK | I23: Domestic | K23: S17 | L23: https://www.frf.ro/competitii/competitii-masculin/liga-2-casa-pariurilor/au-fost-stabilite-meciurile-sezonului-regular-2026-2027-din-liga-2-casa-pariurilor/
A24: Romania | B24: Liga III | C24: 3 | D24: 2026/27 | E24: 8 | F24: 96 | G24: =COUNTIF('All Teams'!$C$7:$C$785,B24) -> 96 | H24: =IF(F24=G24,"OK","REVIEW") -> OK | I24: Domestic | J24: All eight regional series included; 12 entrants per series. | K24: S20 | L24: https://www.frf.ro/recomandate/s-a-tras-la-sorti-programul-seriilor-din-superscore-liga-3-editia-2026-2027/
A25: Greece | B25: Super League | C25: 1 | D25: 2026/27 | E25: 1 | F25: 14 | G25: =COUNTIF('All Teams'!$C$7:$C$785,B25) -> 14 | H25: =IF(F25=G25,"OK","REVIEW") -> OK | I25: Domestic | K25: S21 | L25: https://www.slgr.gr/en/teams/
A26: Greece | B26: Super League 2 | C26: 2 | D26: 2026/27 | E26: 1 | F26: 16 | G26: =COUNTIF('All Teams'!$C$7:$C$785,B26) -> 16 | H26: =IF(F26=G26,"OK","REVIEW") -> OK | I26: Domestic | J26: Unified division in 2026/27; not the previous two-group format. | K26: S22 | L26: https://en.wikipedia.org/wiki/2026%E2%80%9327_Super_League_Greece_2
A27: Greece | B27: Gamma Ethniki | C27: 3 | D27: 2026/27 | E27: 10 | F27: 113 | G27: =COUNTIF('All Teams'!$C$7:$C$785,B27) -> 113 | H27: =IF(F27=G27,"OK","REVIEW") -> OK | I27: Domestic | J27: Published pre-season entrants: all ten groups; opening matches are scheduled after the snapshot date. | K27: S23 | L27: https://en.wikipedia.org/wiki/2026%E2%80%9327_Gamma_Ethniki
A28: Finland | B28: Veikkausliiga | C28: 1 | D28: 2026 | E28: 1 | F28: 12 | G28: =COUNTIF('All Teams'!$C$7:$C$785,B28) -> 12 | H28: =IF(F28=G28,"OK","REVIEW") -> OK | I28: Domestic | K28: S28 | L28: https://www.veikkausliiga.com/tilastot/joukkueet/
A29: Finland | B29: Ykkösliiga | C29: 2 | D29: 2026 | E29: 1 | F29: 10 | G29: =COUNTIF('All Teams'!$C$7:$C$785,B29) -> 10 | H29: =IF(F29=G29,"OK","REVIEW") -> OK | I29: Domestic | K29: S29 | L29: https://www.transfermarkt.co.uk/ykkonen/startseite/wettbewerb/FI2
A30: Finland | B30: Ykkönen | C30: 3 | D30: 2026 | E30: 1 | F30: 12 | G30: =COUNTIF('All Teams'!$C$7:$C$785,B30) -> 12 | H30: =IF(F30=G30,"OK","REVIEW") -> OK | I30: Domestic | J30: Ykkonen is the third tier; all regular-season participants included once. | K30: S30 | L30: https://www.palloliitto.fi/ajankohtaista/ykkosen-jatkosarjojen-ohjelma-kaudelle-2026-julkaistu
A31: UEFA | B31: UEFA Champions League | C31: - | D31: 2026/27 | E31: 1 | F31: 36 | G31: =COUNTIF('All Teams'!$C$7:$C$785,B31) -> 36 | H31: =IF(F31=G31,"OK","REVIEW") -> OK | I31: UEFA | J31: League phase only; qualifying-only entrants excluded. | K31: S32 | L31: https://www.uefa.com/uefachampionsleague/news/02a6-20d57cfcd03e-407c22a7f465-1000--2026-27-champions-league-teams-dates-draws-format-final/
A32: UEFA | B32: UEFA Europa League | C32: - | D32: 2026/27 | E32: 1 | F32: 36 | G32: =COUNTIF('All Teams'!$C$7:$C$785,B32) -> 36 | H32: =IF(F32=G32,"OK","REVIEW") -> OK | I32: UEFA | J32: League phase only; qualifying-only entrants excluded. | K32: S33 | L32: https://www.uefa.com/uefaeuropaleague/clubs/
A33: UEFA | B33: UEFA Conference League | C33: - | D33: 2026/27 | E33: 1 | F33: 36 | G33: =COUNTIF('All Teams'!$C$7:$C$785,B33) -> 36 | H33: =IF(F33=G33,"OK","REVIEW") -> OK | I33: UEFA | J33: League phase only; qualifying-only entrants excluded. | K33: S34 | L33: https://www.uefa.com/uefaconferenceleague/news/02a8-21737138dae7-37bfb18d9aa7-1000--2026-27-conference-league-who-has-qualified-for-the-league-/

Sheet England
A1: ENGLAND | TEAM DIRECTORY | L1: CLUB COLOURS | REFERENCE DATA
A3: Men's domestic football | Season 2026/27 | Top three tiers, all regional groups | Checked 11 Sep 2026 | L3: Generic display shades, not official brand HEX values. Historical and inferred palettes are labelled.
A4: Return to Overview | Filters are in row 6. Sources and scope notes are included in this workbook. | L4: Open Club Colours for a compact colour-only directory and approximate HEX codes.
A6: Team | B6: Country / system | C6: Competition | D6: Tier | E6: Group / phase | F6: Season | G6: Scope | H6: Team type | I6: Notes | J6: Source ID | K6: Source URL | L6: Primary colour | M6: Secondary colour | N6: Colour coverage | O6: Colour evidence basis | P6: Colour source URL | Q6: Colour notes
A7: Arsenal | B7: England | C7: Premier League | D7: 1 | E7: Single division | F7: 2026/27 | G7: Domestic | H7: First team | J7: S01 | K7: https://www.premierleague.com/en/clubs | L7: Red | M7: White | N7: Both colours | O7: Historical kit reference | P7: https://www.rsssf.org/colours/england.html | Q7: Historical reference dated 2006. Traditional home-kit reference; not a 2026/27 kit check.
A8: Aston Villa | B8: England | C8: Premier League | D8: 1 | E8: Single division | F8: 2026/27 | G8: Domestic | H8: First team | J8: S01 | K8: https://www.premierleague.com/en/clubs | L8: Claret | M8: Sky blue | N8: Both colours | O8: Historical kit reference | P8: https://www.rsssf.org/colours/england.html | Q8: Historical reference dated 2006. Traditional home-kit reference; not a 2026/27 kit check.
A9: Bournemouth | B9: England | C9: Premier League | D9: 1 | E9: Single division | F9: 2026/27 | G9: Domestic | H9: First team | J9: S01 | K9: https://www.premierleague.com/en/clubs | L9: Red | M9: Black | N9: Both colours | O9: Club colours reference | P9: https://en.wikipedia.org/wiki/AFC_Bournemouth
A10: Brentford | B10: England | C10: Premier League | D10: 1 | E10: Single division | F10: 2026/27 | G10: Domestic | H10: First team | J10: S01 | K10: https://www.premierleague.com/en/clubs | L10: Red | M10: White | N10: Both colours | O10: Club colours reference | P10: https://en.wikipedia.org/wiki/Brentford_F.C. | Q10: Black is an additional traditional kit colour.
A11: Brighton and Hove Albion | B11: England | C11: Premier League | D11: 1 | E11: Single division | F11: 2026/27 | G11: Domestic | H11: First team | J11: S01 | K11: https://www.premierleague.com/en/clubs | L11: Blue | M11: White | N11: Both colours | O11: Historical kit reference | P11: https://www.rsssf.org/colours/england.html | Q11: Historical reference dated 2006. Traditional home-kit reference; not a 2026/27 kit check.
A12: Chelsea | B12: England | C12: Premier League | D12: 1 | E12: Single division | F12: 2026/27 | G12: Domestic | H12: First team | J12: S01 | K12: https://www.premierleague.com/en/clubs | L12: Blue | M12: White | N12: Both colours | O12: Historical kit reference | P12: https://www.rsssf.org/colours/england.html | Q12: Historical reference dated 2006. Traditional home-kit reference; not a 2026/27 kit check.
A13: Coventry City | B13: England | C13: Premier League | D13: 1 | E13: Single division | F13: 2026/27 | G13: Domestic | H13: First team | J13: S01 | K13: https://www.premierleague.com/en/clubs | L13: Sky blue | M13: White | N13: Both colours | O13: Club colours reference | P13: https://en.wikipedia.org/wiki/Coventry_City_F.C. | Q13: White is a traditional accent; sky blue is the defining colour.
A14: Crystal Palace | B14: England | C14: Premier League | D14: 1 | E14: Single division | F14: 2026/27 | G14: Domestic | H14: First team | J14: S01 | K14: https://www.premierleague.com/en/clubs | L14: Red | M14: Blue | N14: Both colours | O14: Historical kit reference | P14: https://www.rsssf.org/colours/england.html | Q14: Historical reference dated 2006. Traditional home-kit reference; not a 2026/27 kit check.
A15: Everton | B15: England | C15: Premier League | D15: 1 | E15: Single division | F15: 2026/27 | G15: Domestic | H15: First team | J15: S01 | K15: https://www.premierleague.com/en/clubs | L15: Blue | M15: White | N15: Both colours | O15: Historical kit reference | P15: https://www.rsssf.org/colours/england.html | Q15: Historical reference dated 2006. Traditional home-kit reference; not a 2026/27 kit check.
A16: Fulham | B16: England | C16: Premier League | D16: 1 | E16: Single division | F16: 2026/27 | G16: Domestic | H16: First team | J16: S01 | K16: https://www.premierleague.com/en/clubs | L16: White | M16: Black | N16: Both colours | O16: Historical kit reference | P16: https://www.rsssf.org/colours/england.html | Q16: Historical reference dated 2006. Traditional home-kit reference; not a 2026/27 kit check.
A17: Hull City | B17: England | C17: Premier League | D17: 1 | E17: Single division | F17: 2026/27 | G17: Domestic | H17: First team | J17: S01 | K17: https://www.premierleague.com/en/clubs | L17: Amber | M17: Black | N17: Both colours | O17: Historical kit reference | P17: https://www.rsssf.org/colours/england.html | Q17: Historical reference dated 2006. Traditional home-kit reference; not a 2026/27 kit check.
A18: Ipswich Town | B18: England | C18: Premier League | D18: 1 | E18: Single division | F18: 2026/27 | G18: Domestic | H18: First team | J18: S01 | K18: https://www.premierleague.com/en/clubs | L18: Blue | M18: White | N18: Both colours | O18: Historical kit reference | P18: https://www.rsssf.org/colours/england.html | Q18: Historical reference dated 2006. Traditional home-kit reference; not a 2026/27 kit check.
A19: Leeds United | B19: England | C19: Premier League | D19: 1 | E19: Single division | F19: 2026/27 | G19: Domestic | H19: First team | J19: S01 | K19: https://www.premierleague.com/en/clubs | L19: White | M19: Blue | N19: Both colours | O19: Historical kit reference | P19: https://www.rsssf.org/colours/england.html | Q19: Historical reference dated 2006. Traditional home-kit reference; not a 2026/27 kit check. Yellow is an additional colour.
A20: Liverpool | B20: England | C20: Premier League | D20: 1 | E20: Single division | F20: 2026/27 | G20: Domestic | H20: First team | J20: S01 | K20: https://www.premierleague.com/en/clubs | L20: Red | M20: White | N20: Both colours | O20: Club colours reference | P20: https://en.wikipedia.org/wiki/Liverpool_F.C. | Q20: White is a historical secondary/accent colour; the usual home strip is all red.
A21: Manchester City | B21: England | C21: Premier League | D21: 1 | E21: Single division | F21: 2026/27 | G21: Domestic | H21: First team | J21: S01 | K21: https://www.premierleague.com/en/clubs | L21: Sky blue | M21: White | N21: Both colours | O21: Historical kit reference | P21: https://www.rsssf.org/colours/england.html | Q21: Historical reference dated 2006. Traditional home-kit reference; not a 2026/27 kit check.
... A31: Burnley | B31: England | C31: EFL Championship | D31: 2 | E31: Single division | F31: 2026/27 | G31: Domestic | H31: First team | J31: S02 | K31: https://www.efl.com/news/2026/august/22/sky-bet-championship-results--table---stats/ | L31: Claret | M31: Sky blue | N31: Both colours | O31: Historical kit reference | P31: https://www.rsssf.org/colours/england.html | Q31: Historical reference dated 2006. Traditional home-kit reference; not a 2026/27 kit check.
A32: Cardiff City | B32: England | C32: EFL Championship | D32: 2 | E32: Single division | F32: 2026/27 | G32: Domestic | H32: First team | I32: Welsh club in the English league system. | J32: S02 | K32: https://www.efl.com/news/2026/august/22/sky-bet-championship-results--table---stats/ | L32: Blue | M32: White | N32: Both colours | O32: Historical kit reference | P32: https://www.rsssf.org/colours/england.html | Q32: Historical reference dated 2006. Traditional home-kit reference; not a 2026/27 kit check.
A33: Charlton Athletic | B33: England | C33: EFL Championship | D33: 2 | E33: Single division | F33: 2026/27 | G33: Domestic | H33: First team | J33: S02 | K33: https://www.efl.com/news/2026/august/22/sky-bet-championship-results--table---stats/ | L33: Red | M33: White | N33: Both colours | O33: Historical kit reference | P33: https://www.rsssf.org/colours/england.html | Q33: Historical reference dated 2006. Traditional home-kit reference; not a 2026/27 kit check.
A34: Derby County | B34: England | C34: EFL Championship | D34: 2 | E34: Single division | F34: 2026/27 | G34: Domestic | H34: First team | J34: S02 | K34: https://www.efl.com/news/2026/august/22/sky-bet-championship-results--table---stats/ | L34: White | M34: Black | N34: Both colours | O34: Historical kit reference | P34: https://www.rsssf.org/colours/england.html | Q34: Historical reference dated 2006. Traditional home-kit reference; not a 2026/27 kit check.
A35: Lincoln City | B35: England | C35: EFL Championship | D35: 2 | E35: Single division | F35: 2026/27 | G35: Domestic | H35: First team | J35: S02 | K35: https://www.efl.com/news/2026/august/22/sky-bet-championship-results--table---stats/ | L35: Red | M35: White | N35: Both colours | O35: Historical kit reference | P35: https://www.rsssf.org/colours/england.html | Q35: Historical reference dated 2006. Traditional home-kit reference; not a 2026/27 kit check.
A36: Middlesbrough | B36: England | C36: EFL Championship | D36: 2 | E36: Single division | F36: 2026/27 | G36: Domestic | H36: First team | J36: S02 | K36: https://www.efl.com/news/2026/august/22/sky-bet-championship-results--table---stats/ | L36: Red | M36: White | N36: Both colours | O36: Historical kit reference | P36: https://www.rsssf.org/colours/england.html | Q36: Historical reference dated 2006. Traditional home-kit reference; not a 2026/27 kit check.
A37: Millwall | B37: England | C37: EFL Championship | D37: 2 | E37: Single division | F37: 2026/27 | G37: Domestic | H37: First team | J37: S02 | K37: https://www.efl.com/news/2026/august/22/sky-bet-championship-results--table---stats/ | L37: Blue | M37: White | N37: Both colours | O37: Historical kit reference | P37: https://www.rsssf.org/colours/england.html | Q37: Historical reference dated 2006. Traditional home-kit reference; not a 2026/27 kit check.
A38: Norwich City | B38: England | C38: EFL Championship | D38: 2 | E38: Single division | F38: 2026/27 | G38: Domestic | H38: First team | J38: S02 | K38: https://www.efl.com/news/2026/august/22/sky-bet-championship-results--table---stats/ | L38: Yellow | M38: Green | N38: Both colours | O38: Historical kit reference | P38: https://www.rsssf.org/colours/england.html | Q38: Historical reference dated 2006. Traditional home-kit reference; not a 2026/27 kit check.
A39: Portsmouth | B39: England | C39: EFL Championship | D39: 2 | E39: Single division | F39: 2026/27 | G39: Domestic | H39: First team | J39: S02 | K39: https://www.efl.com/news/2026/august/22/sky-bet-championship-results--table---stats/ | L39: Blue | M39: White | N39: Both colours | O39: Historical kit reference | P39: https://www.rsssf.org/colours/england.html | Q39: Historical reference dated 2006. Traditional home-kit reference; not a 2026/27 kit check. Red is an additional colour.
A40: Preston North End | B40: England | C40: EFL Championship | D40: 2 | E40: Single division | F40: 2026/27 | G40: Domestic | H40: First team | J40: S02 | K40: https://www.efl.com/news/2026/august/22/sky-bet-championship-results--table---stats/ | L40: White | M40: Navy blue | N40: Both colours | O40: Historical kit reference | P40: https://www.rsssf.org/colours/england.html | Q40: Historical reference dated 2006. Traditional home-kit reference; not a 2026/27 kit check.
A41: Queens Park Rangers | B41: England | C41: EFL Championship | D41: 2 | E41: Single division | F41: 2026/27 | G41: Domestic | H41: First team | J41: S02 | K41: https://www.efl.com/news/2026/august/22/sky-bet-championship-results--table---stats/ | L41: Blue | M41: White | N41: Both colours | O41: Historical kit reference | P41: https://www.rsssf.org/colours/england.html | Q41: Historical reference dated 2006. Traditional home-kit reference; not a 2026/27 kit check.
A42: Sheffield United | B42: England | C42: EFL Championship | D42: 2 | E42: Single division | F42: 2026/27 | G42: Domestic | H42: First team | J42: S02 | K42: https://www.efl.com/news/2026/august/22/sky-bet-championship-results--table---stats/ | L42: Red | M42: White | N42: Both colours | O42: Historical kit reference | P42: https://www.rsssf.org/colours/england.html | Q42: Historical reference dated 2006. Traditional home-kit reference; not a 2026/27 kit check. Black is an additional colour.
A43: Southampton | B43: England | C43: EFL Championship | D43: 2 | E43: Single division | F43: 2026/27 | G43: Domestic | H43: First team | J43: S02 | K43: https://www.efl.com/news/2026/august/22/sky-bet-championship-results--table---stats/ | L43: Red | M43: White | N43: Both colours | O43: Historical kit reference | P43: https://www.rsssf.org/colours/england.html | Q43: Historical reference dated 2006. Traditional home-kit reference; not a 2026/27 kit check.
A44: Stoke City | B44: England | C44: EFL Championship | D44: 2 | E44: Single division | F44: 2026/27 | G44: Domestic | H44: First team | J44: S02 | K44: https://www.efl.com/news/2026/august/22/sky-bet-championship-results--table---stats/ | L44: Red | M44: White | N44: Both colours | O44: Historical kit reference | P44: https://www.rsssf.org/colours/england.html | Q44: Historical reference dated 2006. Traditional home-kit reference; not a 2026/27 kit check.
A45: Swansea City | B45: England | C45: EFL Championship | D45: 2 | E45: Single division | F45: 2026/27 | G45: Domestic | H45: First team | I45: Welsh club in the English league system. | J45: S02 | K45: https://www.efl.com/news/2026/august/22/sky-bet-championship-results--table---stats/ | L45: White | M45: Black | N45: Both colours | O45: Historical kit reference | P45: https://www.rsssf.org/colours/england.html | Q45: Historical reference dated 2006. Traditional home-kit reference; not a 2026/27 kit check.
A46: Watford | B46: England | C46: EFL Championship | D46: 2 | E46: Single division | F46: 2026/27 | G46: Domestic | H46: First team | J46: S02 | K46: https://www.efl.com/news/2026/august/22/sky-bet-championship-results--table---stats/ | L46: Yellow | M46: Black | N46: Both colours | O46: Traditional kit reference | P46: https://www.football-stadiums.co.uk/articles/football-club-kit-colours/
A47: West Bromwich Albion | B47: England | C47: EFL Championship | D47: 2 | E47: Single division | F47: 2026/27 | G47: Domestic | H47: First team | J47: S02 | K47: https://www.efl.com/news/2026/august/22/sky-bet-championship-results--table---stats/ | L47: Navy blue | M47: White | N47: Both colours | O47: Club colours reference | P47: https://en.wikipedia.org/wiki/West_Bromwich_Albion_F.C.
A48: West Ham United | B48: England | C48: EFL Championship | D48: 2 | E48: Single division | F48: 2026/27 | G48: Domestic | H48: First team | J48: S02 | K48: https://www.efl.com/news/2026/august/22/sky-bet-championship-results--table---stats/ | L48: Claret | M48: Sky blue | N48: Both colours | O48: Historical kit reference | P48: https://www.rsssf.org/colours/england.html | Q48: Historical reference dated 2006. Traditional home-kit reference; not a 2026/27 kit check.
A49: Wolverhampton Wanderers | B49: England | C49: EFL Championship | D49: 2 | E49: Single division | F49: 2026/27 | G49: Domestic | H49: First team | J49: S02 | K49: https://www.efl.com/news/2026/august/22/sky-bet-championship-results--table---stats/ | L49: Old gold | M49: Black | N49: Both colours | O49: Historical kit reference | P49: https://www.rsssf.org/colours/england.html | Q49: Historical reference dated 2006. Traditional home-kit reference; not a 2026/27 kit check.
A50: Wrexham | B50: England | C50: EFL Championship | D50: 2 | E50: Single division | F50: 2026/27 | G50: Domestic | H50: First team | I50: Welsh club in the English league system. | J50: S02 | K50: https://www.efl.com/news/2026/august/22/sky-bet-championship-results--table---stats/ | L50: Red | M50: White | N50: Both colours | O50: Club colours reference | P50: https://en.wikipedia.org/wiki/Wrexham_A.F.C.
A51: AFC Wimbledon | B51: England | C51: EFL League One | D51: 3 | E51: Single division | F51: 2026/27 | G51: Domestic | H51: First team | J51: S03 | K51: https://www.efl.com/competitions/efl-league-one/ | L51: Royal blue | M51: Yellow | N51: Both colours | O51: Club colours reference | P51: https://en.wikipedia.org/wiki/AFC_Wimbledon
A52: Barnsley | B52: England | C52: EFL League One | D52: 3 | E52: Single division | F52: 2026/27 | G52: Domestic | H52: First team | J52: S03 | K52: https://www.efl.com/competitions/efl-league-one/ | L52: Red | M52: White | N52: Both colours | O52: Historical kit reference | P52: https://www.rsssf.org/colours/england.html | Q52: Historical reference dated 2006. Traditional home-kit reference; not a 2026/27 kit check.
A53: Blackpool | B53: England | C53: EFL League One | D53: 3 | E53: Single division | F53: 2026/27 | G53: Domestic | H53: First team | J53: S03 | K53: https://www.efl.com/competitions/efl-league-one/ | L53: Tangerine | M53: White | N53: Both colours | O53: Historical kit reference | P53: https://www.rsssf.org/colours/england.html | Q53: Historical reference dated 2006. Traditional home-kit reference; not a 2026/27 kit check.
A54: Bradford City | B54: England | C54: EFL League One | D54: 3 | E54: Single division | F54: 2026/27 | G54: Domestic | H54: First team | J54: S03 | K54: https://www.efl.com/competitions/efl-league-one/ | L54: Claret | M54: Amber | N54: Both colours | O54: Historical kit reference | P54: https://www.rsssf.org/colours/england.html | Q54: Historical reference dated 2006. Traditional home-kit reference; not a 2026/27 kit check.
A55: Bromley | B55: England | C55: EFL League One | D55: 3 | E55: Single division | F55: 2026/27 | G55: Domestic | H55: First team | J55: S03 | K55: https://www.efl.com/competitions/efl-league-one/ | L55: White | M55: Black | N55: Both colours | O55: Third-party palette reference | P55: https://teamcolorcodes.com/bromley-f-c-color-codes/ | Q55: Traditional white/black pair selected from the published logo palette, which also includes tan and red; not a 2026/27 kit check.
A56: Burton Albion | B56: England | C56: EFL League One | D56: 3 | E56: Single division | F56: 2026/27 | G56: Domestic | H56: First team | J56: S03 | K56: https://www.efl.com/competitions/efl-league-one/ | L56: Yellow | M56: Black | N56: Both colours | O56: Club colours reference | P56: https://en.wikipedia.org/wiki/Burton_Albion_F.C.
A57: Cambridge United | B57: England | C57: EFL League One | D57: 3 | E57: Single division | F57: 2026/27 | G57: Domestic | H57: First team | J57: S03 | K57: https://www.efl.com/competitions/efl-league-one/ | L57: Amber | M57: Black | N57: Both colours | O57: Club colours reference | P57: https://en.wikipedia.org/wiki/Cambridge_United_F.C.
A58: Doncaster Rovers | B58: England | C58: EFL League One | D58: 3 | E58: Single division | F58: 2026/27 | G58: Domestic | H58: First team | J58: S03 | K58: https://www.efl.com/competitions/efl-league-one/ | L58: Red | M58: White | N58: Both colours | O58: Historical kit reference | P58: https://www.rsssf.org/colours/england.html | Q58: Historical reference dated 2006. Traditional home-kit reference; not a 2026/27 kit check.
A59: Huddersfield Town | B59: England | C59: EFL League One | D59: 3 | E59: Single division | F59: 2026/27 | G59: Domestic | H59: First team | J59: S03 | K59: https://www.efl.com/competitions/efl-league-one/ | L59: Blue | M59: White | N59: Both colours | O59: Historical kit reference | P59: https://www.rsssf.org/colours/england.html | Q59: Historical reference dated 2006. Traditional home-kit reference; not a 2026/27 kit check.
A60: Leicester City | B60: England | C60: EFL League One | D60: 3 | E60: Single division | F60: 2026/27 | G60: Domestic | H60: First team | J60: S03 | K60: https://www.efl.com/competitions/efl-league-one/ | L60: Blue | M60: White | N60: Both colours | O60: Historical kit reference | P60: https://www.rsssf.org/colours/england.html | Q60: Historical reference dated 2006. Traditional home-kit reference; not a 2026/27 kit check.
A61: Leyton Orient | B61: England | C61: EFL League One | D61: 3 | E61: Single division | F61: 2026/27 | G61: Domestic | H61: First team | J61: S03 | K61: https://www.efl.com/competitions/efl-league-one/ | L61: Red | M61: White | N61: Both colours | O61: Historical kit reference | P61: https://www.rsssf.org/colours/england.html | Q61: Historical reference dated 2006. Traditional home-kit reference; not a 2026/27 kit check.
A62: Luton Town | B62: England | C62: EFL League One | D62: 3 | E62: Single division | F62: 2026/27 | G62: Domestic | H62: First team | J62: S03 | K62: https://www.efl.com/competitions/efl-league-one/ | L62: Orange | M62: Navy blue | N62: Both colours | O62: Club colours reference | P62: https://en.wikipedia.org/wiki/Luton_Town_F.C. | Q62: White is an additional club colour.
A63: Mansfield Town | B63: England | C63: EFL League One | D63: 3 | E63: Single division | F63: 2026/27 | G63: Domestic | H63: First team | J63: S03 | K63: https://www.efl.com/competitions/efl-league-one/ | L63: Amber | M63: Blue | N63: Both colours | O63: Historical kit reference | P63: https://www.rsssf.org/colours/england.html | Q63: Historical reference dated 2006. Traditional home-kit reference; not a 2026/27 kit check.
A64: MK Dons | B64: England | C64: EFL League One | D64: 3 | E64: Single division | F64: 2026/27 | G64: Domestic | H64: First team | J64: S03 | K64: https://www.efl.com/competitions/efl-league-one/ | L64: White | M64: Red | N64: Both colours | O64: Historical kit reference | P64: https://www.rsssf.org/colours/england.html | Q64: Historical reference dated 2006. Traditional home-kit reference; not a 2026/27 kit check.
A65: Notts County | B65: England | C65: EFL League One | D65: 3 | E65: Single division | F65: 2026/27 | G65: Domestic | H65: First team | J65: S03 | K65: https://www.efl.com/competitions/efl-league-one/ | L65: Black | M65: White | N65: Both colours | O65: Historical kit reference | P65: https://www.rsssf.org/colours/england.html | Q65: Historical reference dated 2006. Traditional home-kit reference; not a 2026/27 kit check.
A66: Oxford United | B66: England | C66: EFL League One | D66: 3 | E66: Single division | F66: 2026/27 | G66: Domestic | H66: First team | J66: S03 | K66: https://www.efl.com/competitions/efl-league-one/ | L66: Yellow | M66: Blue | N66: Both colours | O66: Traditional kit reference | P66: https://www.football-stadiums.co.uk/articles/football-club-kit-colours/
A67: Peterborough United | B67: England | C67: EFL League One | D67: 3 | E67: Single division | F67: 2026/27 | G67: Domestic | H67: First team | J67: S03 | K67: https://www.efl.com/competitions/efl-league-one/ | L67: Blue | M67: White | N67: Both colours | O67: Historical kit reference | P67: https://www.rsssf.org/colours/england.html | Q67: Historical reference dated 2006. Traditional home-kit reference; not a 2026/27 kit check.
A68: Plymouth Argyle | B68: England | C68: EFL League One | D68: 3 | E68: Single division | F68: 2026/27 | G68: Domestic | H68: First team | J68: S03 | K68: https://www.efl.com/competitions/efl-league-one/ | L68: Green | M68: White | N68: Both colours | O68: Historical kit reference | P68: https://www.rsssf.org/colours/england.html | Q68: Historical reference dated 2006. Traditional home-kit reference; not a 2026/27 kit check.
A69: Reading | B69: England | C69: EFL League One | D69: 3 | E69: Single division | F69: 2026/27 | G69: Domestic | H69: First team | J69: S03 | K69: https://www.efl.com/competitions/efl-league-one/ | L69: Blue | M69: White | N69: Both colours | O69: Historical kit reference | P69: https://www.rsssf.org/colours/england.html | Q69: Historical reference dated 2006. Traditional home-kit reference; not a 2026/27 kit check.
A70: Sheffield Wednesday | B70: England | C70: EFL League One | D70: 3 | E70: Single division | F70: 2026/27 | G70: Domestic | H70: First team | J70: S03 | K70: https://www.efl.com/competitions/efl-league-one/ | L70: Blue | M70: White | N70: Both colours | O70: Historical kit reference | P70: https://www.rsssf.org/colours/england.html | Q70: Historical reference dated 2006. Traditional home-kit reference; not a 2026/27 kit check.
A71: Stevenage | B71: England | C71: EFL League One | D71: 3 | E71: Single division | F71: 2026/27 | G71: Domestic | H71: First team | J71: S03 | K71: https://www.efl.com/competitions/efl-league-one/ | L71: Red | M71: White | N71: Both colours | O71: Club colours reference | P71: https://en.wikipedia.org/wiki/Stevenage_F.C.
A72: Stockport County | B72: England | C72: EFL League One | D72: 3 | E72: Single division | F72: 2026/27 | G72: Domestic | H72: First team | J72: S03 | K72: https://www.efl.com/competitions/efl-league-one/ | L72: Blue | M72: White | N72: Both colours | O72: Historical kit reference | P72: https://www.rsssf.org/colours/england.html | Q72: Historical reference dated 2006. Traditional home-kit reference; not a 2026/27 kit check.
A73: Wigan Athletic | B73: England | C73: EFL League One | D73: 3 | E73: Single division | F73: 2026/27 | G73: Domestic | H73: First team | J73: S03 | K73: https://www.efl.com/competitions/efl-league-one/ | L73: Blue | M73: White | N73: Both colours | O73: Historical kit reference | P73: https://www.rsssf.org/colours/england.html | Q73: Historical reference dated 2006. Traditional home-kit reference; not a 2026/27 kit check.
A74: Wycombe Wanderers | B74: England | C74: EFL League One | D74: 3 | E74: Single division | F74: 2026/27 | G74: Domestic | H74: First team | J74: S03 | K74: https://www.efl.com/competitions/efl-league-one/ | L74: Sky blue | M74: Navy blue | N74: Both colours | O74: Historical kit reference | P74: https://www.rsssf.org/colours/england.html | Q74: Historical reference dated 2006. Traditional home-kit reference; not a 2026/27 kit check.

Sheet Spain
A1: SPAIN | TEAM DIRECTORY | L1: CLUB COLOURS | REFERENCE DATA
A3: Men's domestic football | Season 2026/27 | Top three tiers, all regional groups | Checked 11 Sep 2026 | L3: Generic display shades, not official brand HEX values. Historical and inferred palettes are labelled.
A4: Return to Overview | Filters are in row 6. Sources and scope notes are included in this workbook. | L4: Open Club Colours for a compact colour-only directory and approximate HEX codes.
A6: Team | B6: Country / system | C6: Competition | D6: Tier | E6: Group / phase | F6: Season | G6: Scope | H6: Team type | I6: Notes | J6: Source ID | K6: Source URL | L6: Primary colour | M6: Secondary colour | N6: Colour coverage | O6: Colour evidence basis | P6: Colour source URL | Q6: Colour notes
A7: Athletic Club | B7: Spain | C7: LaLiga | D7: 1 | E7: Single division | F7: 2026/27 | G7: Domestic | H7: First team | J7: S04 | K7: https://www.laliga.com/en-GB/laliga-easports/clubs | L7: Red | M7: White | N7: Both colours | O7: Historical kit reference | P7: https://www.rsssf.org/colours/spain.html | Q7: Historical reference dated 2008. Traditional palette from a 2008 home-kit reference; not a current-season kit check. Black is an additional colour.
A8: Atlético de Madrid | B8: Spain | C8: LaLiga | D8: 1 | E8: Single division | F8: 2026/27 | G8: Domestic | H8: First team | J8: S04 | K8: https://www.laliga.com/en-GB/laliga-easports/clubs | L8: Red | M8: White | N8: Both colours | O8: Historical kit reference | P8: https://www.rsssf.org/colours/spain.html | Q8: Historical reference dated 2008. Traditional palette from a 2008 home-kit reference; not a current-season kit check. Blue is an additional colour.
A9: Barcelona | B9: Spain | C9: LaLiga | D9: 1 | E9: Single division | F9: 2026/27 | G9: Domestic | H9: First team | J9: S04 | K9: https://www.laliga.com/en-GB/laliga-easports/clubs | L9: Blue | M9: Claret | N9: Both colours | O9: Historical kit reference | P9: https://www.rsssf.org/colours/spain.html | Q9: Historical reference dated 2008. Traditional palette from a 2008 home-kit reference; not a current-season kit check.
A10: Celta Vigo | B10: Spain | C10: LaLiga | D10: 1 | E10: Single division | F10: 2026/27 | G10: Domestic | H10: First team | J10: S04 | K10: https://www.laliga.com/en-GB/laliga-easports/clubs | L10: Sky blue | M10: White | N10: Both colours | O10: Historical kit reference | P10: https://www.rsssf.org/colours/spain.html | Q10: Historical reference dated 2008. Traditional palette from a 2008 home-kit reference; not a current-season kit check.
A11: Deportivo Alavés | B11: Spain | C11: LaLiga | D11: 1 | E11: Single division | F11: 2026/27 | G11: Domestic | H11: First team | J11: S04 | K11: https://www.laliga.com/en-GB/laliga-easports/clubs | L11: Blue | M11: White | N11: Both colours | O11: Historical kit reference | P11: https://www.rsssf.org/colours/spain.html | Q11: Historical reference dated 2008. Traditional palette from a 2008 home-kit reference; not a current-season kit check.
A12: Deportivo La Coruña | B12: Spain | C12: LaLiga | D12: 1 | E12: Single division | F12: 2026/27 | G12: Domestic | H12: First team | J12: S04 | K12: https://www.laliga.com/en-GB/laliga-easports/clubs | L12: Blue | M12: White | N12: Both colours | O12: Historical kit reference | P12: https://www.rsssf.org/colours/spain.html | Q12: Historical reference dated 2008. Traditional palette from a 2008 home-kit reference; not a current-season kit check.
A13: Elche | B13: Spain | C13: LaLiga | D13: 1 | E13: Single division | F13: 2026/27 | G13: Domestic | H13: First team | J13: S04 | K13: https://www.laliga.com/en-GB/laliga-easports/clubs | L13: White | M13: Green | N13: Both colours | O13: Historical kit reference | P13: https://www.rsssf.org/colours/spain.html | Q13: Historical reference dated 2008. Traditional palette from a 2008 home-kit reference; not a current-season kit check.
A14: Espanyol | B14: Spain | C14: LaLiga | D14: 1 | E14: Single division | F14: 2026/27 | G14: Domestic | H14: First team | J14: S04 | K14: https://www.laliga.com/en-GB/laliga-easports/clubs | L14: Blue | M14: White | N14: Both colours | O14: Historical kit reference | P14: https://www.rsssf.org/colours/spain.html | Q14: Historical reference dated 2008. Traditional palette from a 2008 home-kit reference; not a current-season kit check.
A15: Getafe | B15: Spain | C15: LaLiga | D15: 1 | E15: Single division | F15: 2026/27 | G15: Domestic | H15: First team | J15: S04 | K15: https://www.laliga.com/en-GB/laliga-easports/clubs | L15: Blue | M15: Red | N15: Both colours | O15: Historical kit reference | P15: https://www.rsssf.org/colours/spain.html | Q15: Historical reference dated 2008. Traditional palette from a 2008 home-kit reference; not a current-season kit check.
A16: Levante | B16: Spain | C16: LaLiga | D16: 1 | E16: Single division | F16: 2026/27 | G16: Domestic | H16: First team | J16: S04 | K16: https://www.laliga.com/en-GB/laliga-easports/clubs | L16: Blue | M16: Claret | N16: Both colours | O16: Historical kit reference | P16: https://www.rsssf.org/colours/spain.html | Q16: Historical reference dated 2008. Traditional palette from a 2008 home-kit reference; not a current-season kit check.
A17: Málaga | B17: Spain | C17: LaLiga | D17: 1 | E17: Single division | F17: 2026/27 | G17: Domestic | H17: First team | J17: S04 | K17: https://www.laliga.com/en-GB/laliga-easports/clubs | L17: Sky blue | M17: White | N17: Both colours | O17: Historical kit reference | P17: https://www.rsssf.org/colours/spain.html | Q17: Historical reference dated 2008. Traditional palette from a 2008 home-kit reference; not a current-season kit check.
A18: Osasuna | B18: Spain | C18: LaLiga | D18: 1 | E18: Single division | F18: 2026/27 | G18: Domestic | H18: First team | J18: S04 | K18: https://www.laliga.com/en-GB/laliga-easports/clubs | L18: Red | M18: Blue | N18: Both colours | O18: Club colours reference | P18: https://fr.wikipedia.org/wiki/Club_Atl%C3%A9tico_Osasuna
A19: Racing Santander | B19: Spain | C19: LaLiga | D19: 1 | E19: Single division | F19: 2026/27 | G19: Domestic | H19: First team | J19: S04 | K19: https://www.laliga.com/en-GB/laliga-easports/clubs | L19: White | M19: Green | N19: Both colours | O19: Historical kit reference | P19: https://www.rsssf.org/colours/spain.html | Q19: Historical reference dated 2008. Traditional palette from a 2008 home-kit reference; not a current-season kit check.
A20: Rayo Vallecano | B20: Spain | C20: LaLiga | D20: 1 | E20: Single division | F20: 2026/27 | G20: Domestic | H20: First team | J20: S04 | K20: https://www.laliga.com/en-GB/laliga-easports/clubs | L20: White | M20: Red | N20: Both colours | O20: Historical kit reference | P20: https://www.rsssf.org/colours/spain.html | Q20: Historical reference dated 2008. Traditional palette from a 2008 home-kit reference; not a current-season kit check.
A21: Real Betis | B21: Spain | C21: LaLiga | D21: 1 | E21: Single division | F21: 2026/27 | G21: Domestic | H21: First team | J21: S04 | K21: https://www.laliga.com/en-GB/laliga-easports/clubs | L21: Green | M21: White | N21: Both colours | O21: Historical kit reference | P21: https://www.rsssf.org/colours/spain.html | Q21: Historical reference dated 2008. Traditional palette from a 2008 home-kit reference; not a current-season kit check.
A22: Real Madrid | B22: Spain | C22: LaLiga | D22: 1 | E22: Single division | F22: 2026/27 | G22: Domestic | H22: First team | J22: S04 | K22: https://www.laliga.com/en-GB/laliga-easports/clubs | L22: White | M22: Violet | N22: Both colours | O22: Historical kit reference | P22: https://www.rsssf.org/colours/spain.html | Q22: Historical reference dated 2008. Traditional palette from a 2008 home-kit reference; not a current-season kit check.
A23: Real Sociedad | B23: Spain | C23: LaLiga | D23: 1 | E23: Single division | F23: 2026/27 | G23: Domestic | H23: First team | J23: S04 | K23: https://www.laliga.com/en-GB/laliga-easports/clubs | L23: Blue | M23: White | N23: Both colours | O23: Historical kit reference | P23: https://www.rsssf.org/colours/spain.html | Q23: Historical reference dated 2008. Traditional palette from a 2008 home-kit reference; not a current-season kit check.
A24: Sevilla | B24: Spain | C24: LaLiga | D24: 1 | E24: Single division | F24: 2026/27 | G24: Domestic | H24: First team | J24: S04 | K24: https://www.laliga.com/en-GB/laliga-easports/clubs | L24: White | M24: Red | N24: Both colours | O24: Historical kit reference | P24: https://www.rsssf.org/colours/spain.html | Q24: Historical reference dated 2008. Traditional palette from a 2008 home-kit reference; not a current-season kit check.
A25: Valencia | B25: Spain | C25: LaLiga | D25: 1 | E25: Single division | F25: 2026/27 | G25: Domestic | H25: First team | J25: S04 | K25: https://www.laliga.com/en-GB/laliga-easports/clubs | L25: White | M25: Black | N25: Both colours | O25: Historical kit reference | P25: https://www.rsssf.org/colours/spain.html | Q25: Historical reference dated 2008. Traditional palette from a 2008 home-kit reference; not a current-season kit check.
A26: Villarreal | B26: Spain | C26: LaLiga | D26: 1 | E26: Single division | F26: 2026/27 | G26: Domestic | H26: First team | J26: S04 | K26: https://www.laliga.com/en-GB/laliga-easports/clubs | L26: Yellow | M26: Blue | N26: Both colours | O26: Historical kit reference | P26: https://www.rsssf.org/colours/spain.html | Q26: Historical reference dated 2008. Traditional palette from a 2008 home-kit reference; not a current-season kit check.
A27: AD Ceuta | B27: Spain | C27: Segunda División | D27: 2 | E27: Single division | F27: 2026/27 | G27: Domestic | H27: First team | J27: S05 | K27: https://www.laliga.com/en-GB/laliga-hypermotion/clubs | L27: White | M27: Black | N27: Both colours | O27: Club colours reference | P27: https://www.rtvce.es/articulo/deportes/tradicion-innovacion-nuevas-equipaciones-ad-ceuta/20260727200148101725.html | Q27: Red is an additional accent; the quoted manufacturer statement identifies the black/white club palette.
A28: Albacete | B28: Spain | C28: Segunda División | D28: 2 | E28: Single division | F28: 2026/27 | G28: Domestic | H28: First team | J28: S05 | K28: https://www.laliga.com/en-GB/laliga-hypermotion/clubs | L28: White | M28: Garnet | N28: Both colours | O28: Club colours reference | P28: https://fr.wikipedia.org/wiki/Albacete_Balompi%C3%A9 | Q28: Black is a third colour.
A29: Almería | B29: Spain | C29: Segunda División | D29: 2 | E29: Single division | F29: 2026/27 | G29: Domestic | H29: First team | J29: S05 | K29: https://www.laliga.com/en-GB/laliga-hypermotion/clubs | L29: Red | M29: White | N29: Both colours | O29: Historical kit reference | P29: https://www.rsssf.org/colours/spain.html | Q29: Historical reference dated 2008. Traditional palette from a 2008 home-kit reference; not a current-season kit check.
A30: Burgos | B30: Spain | C30: Segunda División | D30: 2 | E30: Single division | F30: 2026/27 | G30: Domestic | H30: First team | J30: S05 | K30: https://www.laliga.com/en-GB/laliga-hypermotion/clubs | L30: White | M30: Black | N30: Both colours | O30: Historical kit reference | P30: https://www.rsssf.org/colours/spain.html | Q30: Historical reference dated 2008. Traditional palette from a 2008 home-kit reference; not a current-season kit check.
... A35: Eibar | B35: Spain | C35: Segunda División | D35: 2 | E35: Single division | F35: 2026/27 | G35: Domestic | H35: First team | J35: S05 | K35: https://www.laliga.com/en-GB/laliga-hypermotion/clubs | L35: Blue | M35: Claret | N35: Both colours | O35: Historical kit reference | P35: https://www.rsssf.org/colours/spain.html | Q35: Historical reference dated 2008. Traditional palette from a 2008 home-kit reference; not a current-season kit check.
A36: Eldense | B36: Spain | C36: Segunda División | D36: 2 | E36: Single division | F36: 2026/27 | G36: Domestic | H36: First team | J36: S05 | K36: https://www.laliga.com/en-GB/laliga-hypermotion/clubs | L36: Blue | M36: Claret | N36: Both colours | O36: Club colours reference | P36: https://es.wikipedia.org/wiki/Club_Deportivo_Eldense
A37: FC Andorra | B37: Spain | C37: Segunda División | D37: 2 | E37: Single division | F37: 2026/27 | G37: Domestic | H37: First team | I37: Andorran club in the Spanish league system. | J37: S05 | K37: https://www.laliga.com/en-GB/laliga-hypermotion/clubs | L37: Blue | M37: Yellow | N37: Both colours | O37: Club colours reference | P37: https://es.wikipedia.org/wiki/Futbol_Club_Andorra | Q37: Red is a third defining club colour; the club is known as the tricolours.
A38: Girona | B38: Spain | C38: Segunda División | D38: 2 | E38: Single division | F38: 2026/27 | G38: Domestic | H38: First team | J38: S05 | K38: https://www.laliga.com/en-GB/laliga-hypermotion/clubs | L38: Red | M38: White | N38: Both colours | O38: Historical kit reference | P38: https://www.rsssf.org/colours/spain.html | Q38: Historical reference dated 2008. Traditional palette from a 2008 home-kit reference; not a current-season kit check.
A39: Granada | B39: Spain | C39: Segunda División | D39: 2 | E39: Single division | F39: 2026/27 | G39: Domestic | H39: First team | J39: S05 | K39: https://www.laliga.com/en-GB/laliga-hypermotion/clubs | L39: Red | M39: White | N39: Both colours | O39: Historical kit reference | P39: https://www.rsssf.org/colours/spain.html | Q39: Historical reference dated 2008. Traditional palette from a 2008 home-kit reference; not a current-season kit check.
A40: Las Palmas | B40: Spain | C40: Segunda División | D40: 2 | E40: Single division | F40: 2026/27 | G40: Domestic | H40: First team | J40: S05 | K40: https://www.laliga.com/en-GB/laliga-hypermotion/clubs | L40: Yellow | M40: Blue | N40: Both colours | O40: Historical kit reference | P40: https://www.rsssf.org/colours/spain.html | Q40: Historical reference dated 2008. Traditional palette from a 2008 home-kit reference; not a current-season kit check.
A41: Leganés | B41: Spain | C41: Segunda División | D41: 2 | E41: Single division | F41: 2026/27 | G41: Domestic | H41: First team | J41: S05 | K41: https://www.laliga.com/en-GB/laliga-hypermotion/clubs | L41: Blue | M41: White | N41: Both colours | O41: Historical kit reference | P41: https://www.rsssf.org/colours/spain.html | Q41: Historical reference dated 2008. Traditional palette from a 2008 home-kit reference; not a current-season kit check.
A42: Mallorca | B42: Spain | C42: Segunda División | D42: 2 | E42: Single division | F42: 2026/27 | G42: Domestic | H42: First team | J42: S05 | K42: https://www.laliga.com/en-GB/laliga-hypermotion/clubs | L42: Red | M42: Black | N42: Both colours | O42: Historical kit reference | P42: https://www.rsssf.org/colours/spain.html | Q42: Historical reference dated 2008. Traditional palette from a 2008 home-kit reference; not a current-season kit check.
A43: Real Oviedo | B43: Spain | C43: Segunda División | D43: 2 | E43: Single division | F43: 2026/27 | G43: Domestic | H43: First team | J43: S05 | K43: https://www.laliga.com/en-GB/laliga-hypermotion/clubs | L43: Blue | M43: White | N43: Both colours | O43: Club colours reference | P43: https://fr.wikipedia.org/wiki/Real_Oviedo | Q43: Yellow is a third colour.
A44: Real Sociedad B | B44: Spain | C44: Segunda División | D44: 2 | E44: Single division | F44: 2026/27 | G44: Domestic | H44: Reserve team | J44: S05 | K44: https://www.laliga.com/en-GB/laliga-hypermotion/clubs | L44: Blue | M44: White | N44: Both colours | O44: Parent-club palette (inferred) | P44: https://www.rsssf.org/colours/spain.html | Q44: Uses the parent-club identity colours of Real Sociedad; reserve-specific palette not independently confirmed. Parent source is a historical reference dated 2008.
A45: Real Valladolid | B45: Spain | C45: Segunda División | D45: 2 | E45: Single division | F45: 2026/27 | G45: Domestic | H45: First team | J45: S05 | K45: https://www.laliga.com/en-GB/laliga-hypermotion/clubs | L45: Violet | M45: White | N45: Both colours | O45: Historical kit reference | P45: https://www.rsssf.org/colours/spain.html | Q45: Historical reference dated 2008. Traditional palette from a 2008 home-kit reference; not a current-season kit check.
A46: Sabadell | B46: Spain | C46: Segunda División | D46: 2 | E46: Single division | F46: 2026/27 | G46: Domestic | H46: First team | J46: S05 | K46: https://www.laliga.com/en-GB/laliga-hypermotion/clubs | L46: Blue | M46: White | N46: Both colours | O46: Historical kit reference | P46: https://www.rsssf.org/colours/spain.html | Q46: Historical reference dated 2008. Traditional palette from a 2008 home-kit reference; not a current-season kit check.
A47: Sporting Gijón | B47: Spain | C47: Segunda División | D47: 2 | E47: Single division | F47: 2026/27 | G47: Domestic | H47: First team | J47: S05 | K47: https://www.laliga.com/en-GB/laliga-hypermotion/clubs | L47: Red | M47: White | N47: Both colours | O47: Historical kit reference | P47: https://www.rsssf.org/colours/spain.html | Q47: Historical reference dated 2008. Traditional palette from a 2008 home-kit reference; not a current-season kit check. Blue is an additional colour.
A48: Tenerife | B48: Spain | C48: Segunda División | D48: 2 | E48: Single division | F48: 2026/27 | G48: Domestic | H48: First team | J48: S05 | K48: https://www.laliga.com/en-GB/laliga-hypermotion/clubs | L48: White | M48: Blue | N48: Both colours | O48: Historical kit reference | P48: https://www.rsssf.org/colours/spain.html | Q48: Historical reference dated 2008. Traditional palette from a 2008 home-kit reference; not a current-season kit check.
A49: Arenas Club | B49: Spain | C49: Primera Federación | D49: 3 | E49: Group 1 | F49: 2026/27 | G49: Domestic | H49: First team | J49: S06 | K49: https://rfef.es/es/noticias/aprobados-los-grupos-de-primera-federacion-para-la-temporada-202627 | L49: Red | M49: Black | N49: Both colours | O49: Club colours reference | P49: https://fr.wikipedia.org/wiki/Arenas_Club_de_Getxo
A50: Athletic Club B | B50: Spain | C50: Primera Federación | D50: 3 | E50: Group 1 | F50: 2026/27 | G50: Domestic | H50: Reserve team | J50: S06 | K50: https://rfef.es/es/noticias/aprobados-los-grupos-de-primera-federacion-para-la-temporada-202627 | L50: Red | M50: White | N50: Both colours | O50: Parent-club palette (inferred) | P50: https://www.rsssf.org/colours/spain.html | Q50: Uses the parent-club identity colours of Athletic Club; reserve-specific palette not independently confirmed. Parent source is a historical reference dated 2008.
A51: Barakaldo | B51: Spain | C51: Primera Federación | D51: 3 | E51: Group 1 | F51: 2026/27 | G51: Domestic | H51: First team | J51: S06 | K51: https://rfef.es/es/noticias/aprobados-los-grupos-de-primera-federacion-para-la-temporada-202627 | L51: Yellow | M51: Black | N51: Both colours | O51: Historical kit reference | P51: https://www.rsssf.org/colours/spain.html | Q51: Historical reference dated 2008. Traditional palette from a 2008 home-kit reference; not a current-season kit check.
A52: Cacereño | B52: Spain | C52: Primera Federación | D52: 3 | E52: Group 1 | F52: 2026/27 | G52: Domestic | H52: First team | J52: S06 | K52: https://rfef.es/es/noticias/aprobados-los-grupos-de-primera-federacion-para-la-temporada-202627 | L52: Green | M52: White | N52: Both colours | O52: Historical kit reference | P52: https://www.rsssf.org/colours/spain.html | Q52: Historical reference dated 2008. Traditional palette from a 2008 home-kit reference; not a current-season kit check.
A53: Coria | B53: Spain | C53: Primera Federación | D53: 3 | E53: Group 1 | F53: 2026/27 | G53: Domestic | H53: First team | J53: S06 | K53: https://rfef.es/es/noticias/aprobados-los-grupos-de-primera-federacion-para-la-temporada-202627 | N53: Needs verification | O53: Unresolved | Q53: No sufficiently clear colour source was established in this research pass. Values are left blank rather than guessed.
A54: Cultural Leonesa | B54: Spain | C54: Primera Federación | D54: 3 | E54: Group 1 | F54: 2026/27 | G54: Domestic | H54: First team | J54: S06 | K54: https://rfef.es/es/noticias/aprobados-los-grupos-de-primera-federacion-para-la-temporada-202627 | L54: White | M54: Red | N54: Both colours | O54: Club colours reference | P54: https://fr.wikipedia.org/wiki/Cultural_y_Deportiva_Leonesa
A55: Deportivo Fabril | B55: Spain | C55: Primera Federación | D55: 3 | E55: Group 1 | F55: 2026/27 | G55: Domestic | H55: Reserve team | J55: S06 | K55: https://rfef.es/es/noticias/aprobados-los-grupos-de-primera-federacion-para-la-temporada-202627 | L55: Blue | M55: White | N55: Both colours | O55: Parent-club palette (inferred) | P55: https://www.rsssf.org/colours/spain.html | Q55: Uses the parent-club identity colours of Deportivo La Coruña; reserve-specific palette not independently confirmed. Parent source is a historical reference dated 2008.
A56: Extremadura | B56: Spain | C56: Primera Federación | D56: 3 | E56: Group 1 | F56: 2026/27 | G56: Domestic | H56: First team | J56: S06 | K56: https://rfef.es/es/noticias/aprobados-los-grupos-de-primera-federacion-para-la-temporada-202627 | L56: Blue | M56: Claret | N56: Both colours | O56: Traditional kit reference | P56: https://es.wikipedia.org/wiki/Club_Deportivo_Extremadura | Q56: Traditional home palette of the current CD Extremadura, not the defunct Extremadura UD.
A57: Lugo | B57: Spain | C57: Primera Federación | D57: 3 | E57: Group 1 | F57: 2026/27 | G57: Domestic | H57: First team | J57: S06 | K57: https://rfef.es/es/noticias/aprobados-los-grupos-de-primera-federacion-para-la-temporada-202627 | L57: Red | M57: White | N57: Both colours | O57: Historical kit reference | P57: https://www.rsssf.org/colours/spain.html | Q57: Historical reference dated 2008. Traditional palette from a 2008 home-kit reference; not a current-season kit check.
A58: Mirandés | B58: Spain | C58: Primera Federación | D58: 3 | E58: Group 1 | F58: 2026/27 | G58: Domestic | H58: First team | J58: S06 | K58: https://rfef.es/es/noticias/aprobados-los-grupos-de-primera-federacion-para-la-temporada-202627 | L58: Red | M58: Black | N58: Both colours | O58: Historical kit reference | P58: https://www.rsssf.org/colours/spain.html | Q58: Historical reference dated 2008. Traditional palette from a 2008 home-kit reference; not a current-season kit check.
A59: Mérida | B59: Spain | C59: Primera Federación | D59: 3 | E59: Group 1 | F59: 2026/27 | G59: Domestic | H59: First team | J59: S06 | K59: https://rfef.es/es/noticias/aprobados-los-grupos-de-primera-federacion-para-la-temporada-202627 | N59: Needs verification | O59: Unresolved | Q59: No sufficiently clear colour source was established in this research pass. Values are left blank rather than guessed.
A60: Ponferradina | B60: Spain | C60: Primera Federación | D60: 3 | E60: Group 1 | F60: 2026/27 | G60: Domestic | H60: First team | J60: S06 | K60: https://rfef.es/es/noticias/aprobados-los-grupos-de-primera-federacion-para-la-temporada-202627 | L60: Blue | M60: White | N60: Both colours | O60: Historical kit reference | P60: https://www.rsssf.org/colours/spain.html | Q60: Historical reference dated 2008. Traditional palette from a 2008 home-kit reference; not a current-season kit check.
A61: Pontevedra | B61: Spain | C61: Primera Federación | D61: 3 | E61: Group 1 | F61: 2026/27 | G61: Domestic | H61: First team | J61: S06 | K61: https://rfef.es/es/noticias/aprobados-los-grupos-de-primera-federacion-para-la-temporada-202627 | L61: Claret | M61: Blue | N61: Both colours | O61: Historical kit reference | P61: https://www.rsssf.org/colours/spain.html | Q61: Historical reference dated 2008. Traditional palette from a 2008 home-kit reference; not a current-season kit check.
A62: Racing Ferrol | B62: Spain | C62: Primera Federación | D62: 3 | E62: Group 1 | F62: 2026/27 | G62: Domestic | H62: First team | J62: S06 | K62: https://rfef.es/es/noticias/aprobados-los-grupos-de-primera-federacion-para-la-temporada-202627 | L62: Green | M62: White | N62: Both colours | O62: Historical kit reference | P62: https://www.rsssf.org/colours/spain.html | Q62: Historical reference dated 2008. Traditional palette from a 2008 home-kit reference; not a current-season kit check.
A63: Real Avilés Industrial | B63: Spain | C63: Primera Federación | D63: 3 | E63: Group 1 | F63: 2026/27 | G63: Domestic | H63: First team | J63: S06 | K63: https://rfef.es/es/noticias/aprobados-los-grupos-de-primera-federacion-para-la-temporada-202627 | L63: Blue | M63: White | N63: Both colours | O63: Historical kit reference | P63: https://www.rsssf.org/colours/spain.html | Q63: Historical reference dated 2008. Traditional palette from a 2008 home-kit reference; not a current-season kit check.
A64: Real Unión | B64: Spain | C64: Primera Federación | D64: 3 | E64: Group 1 | F64: 2026/27 | G64: Domestic | H64: First team | J64: S06 | K64: https://rfef.es/es/noticias/aprobados-los-grupos-de-primera-federacion-para-la-temporada-202627 | L64: White | M64: Black | N64: Both colours | O64: Historical kit reference | P64: https://www.rsssf.org/colours/spain.html | Q64: Historical reference dated 2008. Traditional palette from a 2008 home-kit reference; not a current-season kit check.
A65: UD Logroñés | B65: Spain | C65: Primera Federación | D65: 3 | E65: Group 1 | F65: 2026/27 | G65: Domestic | H65: First team | J65: S06 | K65: https://rfef.es/es/noticias/aprobados-los-grupos-de-primera-federacion-para-la-temporada-202627 | L65: Red | M65: White | N65: Both colours | O65: Club colours reference | P65: https://fr.wikipedia.org/wiki/Uni%C3%B3n_Deportiva_Logro%C3%B1%C3%A9s
A66: UD Ourense | B66: Spain | C66: Primera Federación | D66: 3 | E66: Group 1 | F66: 2026/27 | G66: Domestic | H66: First team | J66: S06 | K66: https://rfef.es/es/noticias/aprobados-los-grupos-de-primera-federacion-para-la-temporada-202627 | N66: Needs verification | O66: Unresolved | Q66: No sufficiently clear colour source was established in this research pass. Values are left blank rather than guessed.
A67: Unionistas de Salamanca | B67: Spain | C67: Primera Federación | D67: 3 | E67: Group 1 | F67: 2026/27 | G67: Domestic | H67: First team | J67: S06 | K67: https://rfef.es/es/noticias/aprobados-los-grupos-de-primera-federacion-para-la-temporada-202627 | L67: Black | M67: White | N67: Both colours | O67: Club colours reference | P67: https://fr.wikipedia.org/wiki/Unionistas_de_Salamanca_Club_de_F%C3%BAtbol
A68: Zamora | B68: Spain | C68: Primera Federación | D68: 3 | E68: Group 1 | F68: 2026/27 | G68: Domestic | H68: First team | J68: S06 | K68: https://rfef.es/es/noticias/aprobados-los-grupos-de-primera-federacion-para-la-temporada-202627 | L68: Red | M68: White | N68: Both colours | O68: Historical kit reference | P68: https://www.rsssf.org/colours/spain.html | Q68: Historical reference dated 2008. Traditional palette from a 2008 home-kit reference; not a current-season kit check.
A69: Alcorcón | B69: Spain | C69: Primera Federación | D69: 3 | E69: Group 2 | F69: 2026/27 | G69: Domestic | H69: First team | J69: S06 | K69: https://rfef.es/es/noticias/aprobados-los-grupos-de-primera-federacion-para-la-temporada-202627 | L69: Yellow | M69: Navy blue | N69: Both colours | O69: Historical kit reference | P69: https://www.rsssf.org/colours/spain.html | Q69: Historical reference dated 2008. Traditional palette from a 2008 home-kit reference; not a current-season kit check.
A70: Algeciras | B70: Spain | C70: Primera Federación | D70: 3 | E70: Group 2 | F70: 2026/27 | G70: Domestic | H70: First team | J70: S06 | K70: https://rfef.es/es/noticias/aprobados-los-grupos-de-primera-federacion-para-la-temporada-202627 | L70: Red | M70: White | N70: Both colours | O70: Historical kit reference | P70: https://www.rsssf.org/colours/spain.html | Q70: Historical reference dated 2008. Traditional palette from a 2008 home-kit reference; not a current-season kit check.
A71: Antequera | B71: Spain | C71: Primera Federación | D71: 3 | E71: Group 2 | F71: 2026/27 | G71: Domestic | H71: First team | J71: S06 | K71: https://rfef.es/es/noticias/aprobados-los-grupos-de-primera-federacion-para-la-temporada-202627 | L71: Green | M71: White | N71: Both colours | O71: Historical kit reference | P71: https://www.rsssf.org/colours/spain.html | Q71: Historical reference dated 2008. Traditional palette from a 2008 home-kit reference; not a current-season kit check.
A72: Atlético Madrileño | B72: Spain | C72: Primera Federación | D72: 3 | E72: Group 2 | F72: 2026/27 | G72: Domestic | H72: Reserve team | J72: S06 | K72: https://rfef.es/es/noticias/aprobados-los-grupos-de-primera-federacion-para-la-temporada-202627 | L72: Red | M72: White | N72: Both colours | O72: Parent-club palette (inferred) | P72: https://www.rsssf.org/colours/spain.html | Q72: Uses the parent-club identity colours of Atlético de Madrid; reserve-specific palette not independently confirmed. Parent source is a historical reference dated 2008.
A73: Cartagena | B73: Spain | C73: Primera Federación | D73: 3 | E73: Group 2 | F73: 2026/27 | G73: Domestic | H73: First team | J73: S06 | K73: https://rfef.es/es/noticias/aprobados-los-grupos-de-primera-federacion-para-la-temporada-202627 | L73: Black | M73: White | N73: Both colours | O73: Historical kit reference | P73: https://www.rsssf.org/colours/spain.html | Q73: Historical reference dated 2008. Traditional palette from a 2008 home-kit reference; not a current-season kit check.
A74: CE Europa | B74: Spain | C74: Primera Federación | D74: 3 | E74: Group 2 | F74: 2026/27 | G74: Domestic | H74: First team | J74: S06 | K74: https://rfef.es/es/noticias/aprobados-los-grupos-de-primera-federacion-para-la-temporada-202627 | L74: White | M74: Blue | N74: Both colours | O74: Club colours reference | P74: https://fr.wikipedia.org/wiki/Club_Esportiu_Europa
A75: Gimnàstic de Tarragona | B75: Spain | C75: Primera Federación | D75: 3 | E75: Group 2 | F75: 2026/27 | G75: Domestic | H75: First team | J75: S06 | K75: https://rfef.es/es/noticias/aprobados-los-grupos-de-primera-federacion-para-la-temporada-202627 | L75: Red | M75: White | N75: Both colours | O75: Historical kit reference | P75: https://www.rsssf.org/colours/spain.html | Q75: Historical reference dated 2008. Traditional palette from a 2008 home-kit reference; not a current-season kit check. Black is an additional colour.
A76: Huesca | B76: Spain | C76: Primera Federación | D76: 3 | E76: Group 2 | F76: 2026/27 | G76: Domestic | H76: First team | J76: S06 | K76: https://rfef.es/es/noticias/aprobados-los-grupos-de-primera-federacion-para-la-temporada-202627 | L76: Blue | M76: Claret | N76: Both colours | O76: Historical kit reference | P76: https://www.rsssf.org/colours/spain.html | Q76: Historical reference dated 2008. Traditional palette from a 2008 home-kit reference; not a current-season kit check.
A77: Hércules | B77: Spain | C77: Primera Federación | D77: 3 | E77: Group 2 | F77: 2026/27 | G77: Domestic | H77: First team | J77: S06 | K77: https://rfef.es/es/noticias/aprobados-los-grupos-de-primera-federacion-para-la-temporada-202627 | L77: Blue | M77: White | N77: Both colours | O77: Historical kit reference | P77: https://www.rsssf.org/colours/spain.html | Q77: Historical reference dated 2008. Traditional palette from a 2008 home-kit reference; not a current-season kit check.
A78: Juventud de Torremolinos | B78: Spain | C78: Primera Federación | D78: 3 | E78: Group 2 | F78: 2026/27 | G78: Domestic | H78: First team | J78: S06 | K78: https://rfef.es/es/noticias/aprobados-los-grupos-de-primera-federacion-para-la-temporada-202627 | N78: Needs verification | O78: Unresolved | Q78: No sufficiently clear colour source was established in this research pass. Values are left blank rather than guessed.
A79: Rayo Majadahonda | B79: Spain | C79: Primera Federación | D79: 3 | E79: Group 2 | F79: 2026/27 | G79: Domestic | H79: First team | J79: S06 | K79: https://rfef.es/es/noticias/aprobados-los-grupos-de-primera-federacion-para-la-temporada-202627 | L79: White | M79: Red | N79: Both colours | O79: Historical kit reference | P79: https://www.rsssf.org/colours/spain.html | Q79: Historical reference dated 2008. Traditional palette from a 2008 home-kit reference; not a current-season kit check. Blue is an additional colour.
A80: Real Jaén | B80: Spain | C80: Primera Federación | D80: 3 | E80: Group 2 | F80: 2026/27 | G80: Domestic | H80: First team | J80: S06 | K80: https://rfef.es/es/noticias/aprobados-los-grupos-de-primera-federacion-para-la-temporada-202627 | L80: White | M80: Not specified | N80: Primary only | O80: Club colours reference | P80: https://fr.wikipedia.org/wiki/Real_Ja%C3%A9n_Club_de_F%C3%BAtbol | Q80: Only one defining identity colour is documented in the reference.
A81: Real Madrid Castilla | B81: Spain | C81: Primera Federación | D81: 3 | E81: Group 2 | F81: 2026/27 | G81: Domestic | H81: Reserve team | J81: S06 | K81: https://rfef.es/es/noticias/aprobados-los-grupos-de-primera-federacion-para-la-temporada-202627 | L81: White | M81: Violet | N81: Both colours | O81: Parent-club palette (inferred) | P81: https://www.rsssf.org/colours/spain.html | Q81: Uses the parent-club identity colours of Real Madrid; reserve-specific palette not independently confirmed. Parent source is a historical reference dated 2008.
A82: Real Murcia | B82: Spain | C82: Primera Federación | D82: 3 | E82: Group 2 | F82: 2026/27 | G82: Domestic | H82: First team | J82: S06 | K82: https://rfef.es/es/noticias/aprobados-los-grupos-de-primera-federacion-para-la-temporada-202627 | L82: Red | M82: White | N82: Both colours | O82: Historical kit reference | P82: https://www.rsssf.org/colours/spain.html | Q82: Historical reference dated 2008. Traditional palette from a 2008 home-kit reference; not a current-season kit check.
A83: Real Zaragoza | B83: Spain | C83: Primera Federación | D83: 3 | E83: Group 2 | F83: 2026/27 | G83: Domestic | H83: First team | J83: S06 | K83: https://rfef.es/es/noticias/aprobados-los-grupos-de-primera-federacion-para-la-temporada-202627 | L83: White | M83: Blue | N83: Both colours | O83: Historical kit reference | P83: https://www.rsssf.org/colours/spain.html | Q83: Historical reference dated 2008. Traditional palette from a 2008 home-kit reference; not a current-season kit check.
A84: Teruel | B84: Spain | C84: Primera Federación | D84: 3 | E84: Group 2 | F84: 2026/27 | G84: Domestic | H84: First team | J84: S06 | K84: https://rfef.es/es/noticias/aprobados-los-grupos-de-primera-federacion-para-la-temporada-202627 | L84: Red | M84: Blue | N84: Both colours | O84: Club colours reference | P84: https://fr.wikipedia.org/wiki/Club_Deportivo_Teruel
A85: UD Ibiza | B85: Spain | C85: Primera Federación | D85: 3 | E85: Group 2 | F85: 2026/27 | G85: Domestic | H85: First team | J85: S06 | K85: https://rfef.es/es/noticias/aprobados-los-grupos-de-primera-federacion-para-la-temporada-202627 | L85: Sky blue | M85: White | N85: Both colours | O85: Traditional kit reference | P85: https://fr.wikipedia.org/wiki/Uni%C3%B3n_Deportiva_Ibiza | Q85: The reference describes the traditional home shirt and shorts, not an official secondary brand colour.
A86: UE Sant Andreu | B86: Spain | C86: Primera Federación | D86: 3 | E86: Group 2 | F86: 2026/27 | G86: Domestic | H86: First team | J86: S06 | K86: https://rfef.es/es/noticias/aprobados-los-grupos-de-primera-federacion-para-la-temporada-202627 | L86: Yellow | M86: Red | N86: Both colours | O86: Historical kit reference | P86: https://www.rsssf.org/colours/spain.html | Q86: Historical reference dated 2008. Traditional palette from a 2008 home-kit reference; not a current-season kit check.
A87: Villarreal B | B87: Spain | C87: Primera Federación | D87: 3 | E87: Group 2 | F87: 2026/27 | G87: Domestic | H87: Reserve team | J87: S06 | K87: https://rfef.es/es/noticias/aprobados-los-grupos-de-primera-federacion-para-la-temporada-202627 | L87: Yellow | M87: Blue | N87: Both colours | O87: Parent-club palette (inferred) | P87: https://www.rsssf.org/colours/spain.html | Q87: Uses the parent-club identity colours of Villarreal; reserve-specific palette not independently confirmed. Parent source is a historical reference dated 2008.
A88: Águilas | B88: Spain | C88: Primera Federación | D88: 3 | E88: Group 2 | F88: 2026/27 | G88: Domestic | H88: First team | J88: S06 | K88: https://rfef.es/es/noticias/aprobados-los-grupos-de-primera-federacion-para-la-temporada-202627 | L88: White | M88: Blue | N88: Both colours | O88: Club colours reference | P88: https://es.wikipedia.org/wiki/%C3%81guilas_F%C3%BAtbol_Club

Sheet Italy
A1: ITALY | TEAM DIRECTORY | L1: CLUB COLOURS | REFERENCE DATA
A3: Men's domestic football | Season 2026/27 | Top three tiers, all regional groups | Checked 11 Sep 2026 | L3: Generic display shades, not official brand HEX values. Historical and inferred palettes are labelled.
A4: Return to Overview | Filters are in row 6. Sources and scope notes are included in this workbook. | L4: Open Club Colours for a compact colour-only directory and approximate HEX codes.
A6: Team | B6: Country / system | C6: Competition | D6: Tier | E6: Group / phase | F6: Season | G6: Scope | H6: Team type | I6: Notes | J6: Source ID | K6: Source URL | L6: Primary colour | M6: Secondary colour | N6: Colour coverage | O6: Colour evidence basis | P6: Colour source URL | Q6: Colour notes
A7: Atalanta | B7: Italy | C7: Serie A | D7: 1 | E7: Single division | F7: 2026/27 | G7: Domestic | H7: First team | J7: S07 | K7: https://sport.virgilio.it/calcio/squadre/ | L7: Blue | M7: Black | N7: Both colours | O7: Historical kit reference | P7: https://www.rsssf.org/colours/italy.html | Q7: Historical reference dated 2000. Traditional palette from a 2000 home-kit reference; not a current-season kit check.
A8: Bologna | B8: Italy | C8: Serie A | D8: 1 | E8: Single division | F8: 2026/27 | G8: Domestic | H8: First team | J8: S07 | K8: https://sport.virgilio.it/calcio/squadre/ | L8: Red | M8: Blue | N8: Both colours | O8: Historical kit reference | P8: https://www.rsssf.org/colours/italy.html | Q8: Historical reference dated 2000. Traditional palette from a 2000 home-kit reference; not a current-season kit check.
A9: Cagliari | B9: Italy | C9: Serie A | D9: 1 | E9: Single division | F9: 2026/27 | G9: Domestic | H9: First team | J9: S07 | K9: https://sport.virgilio.it/calcio/squadre/ | L9: Red | M9: Blue | N9: Both colours | O9: Historical kit reference | P9: https://www.rsssf.org/colours/italy.html | Q9: Historical reference dated 2000. Traditional palette from a 2000 home-kit reference; not a current-season kit check.
A10: Como | B10: Italy | C10: Serie A | D10: 1 | E10: Single division | F10: 2026/27 | G10: Domestic | H10: First team | J10: S07 | K10: https://sport.virgilio.it/calcio/squadre/ | L10: Blue | M10: White | N10: Both colours | O10: Historical kit reference | P10: https://www.rsssf.org/colours/italy.html | Q10: Historical reference dated 2000. Traditional palette from a 2000 home-kit reference; not a current-season kit check.
A11: Fiorentina | B11: Italy | C11: Serie A | D11: 1 | E11: Single division | F11: 2026/27 | G11: Domestic | H11: First team | J11: S07 | K11: https://sport.virgilio.it/calcio/squadre/ | L11: Violet | M11: White | N11: Both colours | O11: Historical kit reference | P11: https://www.rsssf.org/colours/italy.html | Q11: Historical reference dated 2000. Traditional palette from a 2000 home-kit reference; not a current-season kit check.
A12: Frosinone | B12: Italy | C12: Serie A | D12: 1 | E12: Single division | F12: 2026/27 | G12: Domestic | H12: First team | J12: S07 | K12: https://sport.virgilio.it/calcio/squadre/ | L12: Yellow | M12: Blue | N12: Both colours | O12: Club colours reference | P12: https://it.wikipedia.org/wiki/Frosinone_Calcio
A13: Genoa | B13: Italy | C13: Serie A | D13: 1 | E13: Single division | F13: 2026/27 | G13: Domestic | H13: First team | J13: S07 | K13: https://sport.virgilio.it/calcio/squadre/ | L13: Red | M13: Blue | N13: Both colours | O13: Historical kit reference | P13: https://www.rsssf.org/colours/italy.html | Q13: Historical reference dated 2000. Traditional palette from a 2000 home-kit reference; not a current-season kit check.
A14: Inter | B14: Italy | C14: Serie A | D14: 1 | E14: Single division | F14: 2026/27 | G14: Domestic | H14: First team | J14: S07 | K14: https://sport.virgilio.it/calcio/squadre/ | L14: Blue | M14: Black | N14: Both colours | O14: Historical kit reference | P14: https://www.rsssf.org/colours/italy.html | Q14: Historical reference dated 2000. Traditional palette from a 2000 home-kit reference; not a current-season kit check.
A15: Juventus | B15: Italy | C15: Serie A | D15: 1 | E15: Single division | F15: 2026/27 | G15: Domestic | H15: First team | J15: S07 | K15: https://sport.virgilio.it/calcio/squadre/ | L15: Black | M15: White | N15: Both colours | O15: Historical kit reference | P15: https://www.rsssf.org/colours/italy.html | Q15: Historical reference dated 2000. Traditional palette from a 2000 home-kit reference; not a current-season kit check.
A16: Lazio | B16: Italy | C16: Serie A | D16: 1 | E16: Single division | F16: 2026/27 | G16: Domestic | H16: First team | J16: S07 | K16: https://sport.virgilio.it/calcio/squadre/ | L16: Sky blue | M16: White | N16: Both colours | O16: Historical kit reference | P16: https://www.rsssf.org/colours/italy.html | Q16: Historical reference dated 2000. Traditional palette from a 2000 home-kit reference; not a current-season kit check.
A17: Lecce | B17: Italy | C17: Serie A | D17: 1 | E17: Single division | F17: 2026/27 | G17: Domestic | H17: First team | J17: S07 | K17: https://sport.virgilio.it/calcio/squadre/ | L17: Yellow | M17: Red | N17: Both colours | O17: Historical kit reference | P17: https://www.rsssf.org/colours/italy.html | Q17: Historical reference dated 2000. Traditional palette from a 2000 home-kit reference; not a current-season kit check.
A18: Milan | B18: Italy | C18: Serie A | D18: 1 | E18: Single division | F18: 2026/27 | G18: Domestic | H18: First team | J18: S07 | K18: https://sport.virgilio.it/calcio/squadre/ | L18: Red | M18: Black | N18: Both colours | O18: Historical kit reference | P18: https://www.rsssf.org/colours/italy.html | Q18: Historical reference dated 2000. Traditional palette from a 2000 home-kit reference; not a current-season kit check.
A19: Monza | B19: Italy | C19: Serie A | D19: 1 | E19: Single division | F19: 2026/27 | G19: Domestic | H19: First team | J19: S07 | K19: https://sport.virgilio.it/calcio/squadre/ | L19: Red | M19: White | N19: Both colours | O19: Historical kit reference | P19: https://www.rsssf.org/colours/italy.html | Q19: Historical reference dated 2000. Traditional palette from a 2000 home-kit reference; not a current-season kit check.
A20: Napoli | B20: Italy | C20: Serie A | D20: 1 | E20: Single division | F20: 2026/27 | G20: Domestic | H20: First team | J20: S07 | K20: https://sport.virgilio.it/calcio/squadre/ | L20: Sky blue | M20: White | N20: Both colours | O20: Historical kit reference | P20: https://www.rsssf.org/colours/italy.html | Q20: Historical reference dated 2000. Traditional palette from a 2000 home-kit reference; not a current-season kit check.
A21: Parma | B21: Italy | C21: Serie A | D21: 1 | E21: Single division | F21: 2026/27 | G21: Domestic | H21: First team | J21: S07 | K21: https://sport.virgilio.it/calcio/squadre/ | L21: Yellow | M21: Blue | N21: Both colours | O21: Historical kit reference | P21: https://www.rsssf.org/colours/italy.html | Q21: Historical reference dated 2000. Traditional palette from a 2000 home-kit reference; not a current-season kit check. Black and white are also important historic colours; this pair follows the reference kit.
A22: Roma | B22: Italy | C22: Serie A | D22: 1 | E22: Single division | F22: 2026/27 | G22: Domestic | H22: First team | J22: S07 | K22: https://sport.virgilio.it/calcio/squadre/ | L22: Burgundy | M22: Gold | N22: Both colours | O22: Historical kit reference | P22: https://www.rsssf.org/colours/italy.html | Q22: Historical reference dated 2000. Traditional palette from a 2000 home-kit reference; not a current-season kit check.
A23: Sassuolo | B23: Italy | C23: Serie A | D23: 1 | E23: Single division | F23: 2026/27 | G23: Domestic | H23: First team | J23: S07 | K23: https://sport.virgilio.it/calcio/squadre/ | L23: Black | M23: Green | N23: Both colours | O23: Club colours reference | P23: https://it.wikipedia.org/wiki/Unione_Sportiva_Sassuolo_Calcio
A24: Torino | B24: Italy | C24: Serie A | D24: 1 | E24: Single division | F24: 2026/27 | G24: Domestic | H24: First team | J24: S07 | K24: https://sport.virgilio.it/calcio/squadre/ | L24: Garnet | M24: White | N24: Both colours | O24: Historical kit reference | P24: https://www.rsssf.org/colours/italy.html | Q24: Historical reference dated 2000. Traditional palette from a 2000 home-kit reference; not a current-season kit check. Black is an additional accent colour.
A25: Udinese | B25: Italy | C25: Serie A | D25: 1 | E25: Single division | F25: 2026/27 | G25: Domestic | H25: First team | J25: S07 | K25: https://sport.virgilio.it/calcio/squadre/ | L25: Black | M25: White | N25: Both colours | O25: Historical kit reference | P25: https://www.rsssf.org/colours/italy.html | Q25: Historical reference dated 2000. Traditional palette from a 2000 home-kit reference; not a current-season kit check.
A26: Venezia | B26: Italy | C26: Serie A | D26: 1 | E26: Single division | F26: 2026/27 | G26: Domestic | H26: First team | J26: S07 | K26: https://sport.virgilio.it/calcio/squadre/ | L26: Orange | M26: Green | N26: Both colours | O26: Historical kit reference | P26: https://www.rsssf.org/colours/italy.html | Q26: Historical reference dated 2000. Traditional palette from a 2000 home-kit reference; not a current-season kit check. Black is an equally important third colour.
A27: Arezzo | B27: Italy | C27: Serie B | D27: 2 | E27: Single division | F27: 2026/27 | G27: Domestic | H27: First team | J27: S07 | K27: https://sport.virgilio.it/calcio/squadre/ | L27: Amaranth | M27: Not specified | N27: Primary only | O27: Club colours reference | P27: https://it.wikipedia.org/wiki/Societ%C3%A0_Sportiva_Arezzo | Q27: The source names one defining colour; secondary colour requires verification.
A28: Ascoli | B28: Italy | C28: Serie B | D28: 2 | E28: Single division | F28: 2026/27 | G28: Domestic | H28: First team | J28: S07 | K28: https://sport.virgilio.it/calcio/squadre/ | L28: Black | M28: White | N28: Both colours | O28: Historical kit reference | P28: https://www.rsssf.org/colours/italy.html | Q28: Historical reference dated 2000. Traditional palette from a 2000 home-kit reference; not a current-season kit check.
A29: Avellino | B29: Italy | C29: Serie B | D29: 2 | E29: Single division | F29: 2026/27 | G29: Domestic | H29: First team | J29: S07 | K29: https://sport.virgilio.it/calcio/squadre/ | L29: Green | M29: White | N29: Both colours | O29: Historical kit reference | P29: https://www.rsssf.org/colours/italy.html | Q29: Historical reference dated 2000. Traditional palette from a 2000 home-kit reference; not a current-season kit check.
A30: Benevento | B30: Italy | C30: Serie B | D30: 2 | E30: Single division | F30: 2026/27 | G30: Domestic | H30: First team | J30: S07 | K30: https://sport.virgilio.it/calcio/squadre/ | L30: Yellow | M30: Red | N30: Both colours | O30: Club colours reference | P30: https://it.wikipedia.org/wiki/Benevento_Calcio
A31: Carrarese | B31: Italy | C31: Serie B | D31: 2 | E31: Single division | F31: 2026/27 | G31: Domestic | H31: First team | J31: S07 | K31: https://sport.virgilio.it/calcio/squadre/ | L31: Blue | M31: Yellow | N31: Both colours | O31: Club colours reference | P31: https://it.wikipedia.org/wiki/Carrarese_Calcio_1908
A32: Catanzaro | B32: Italy | C32: Serie B | D32: 2 | E32: Single division | F32: 2026/27 | G32: Domestic | H32: First team | J32: S07 | K32: https://sport.virgilio.it/calcio/squadre/ | L32: Yellow | M32: Red | N32: Both colours | O32: Club colours reference | P32: https://it.wikipedia.org/wiki/Unione_Sportiva_Catanzaro_1929
A33: Cesena | B33: Italy | C33: Serie B | D33: 2 | E33: Single division | F33: 2026/27 | G33: Domestic | H33: First team | J33: S07 | K33: https://sport.virgilio.it/calcio/squadre/ | L33: White | M33: Black | N33: Both colours | O33: Historical kit reference | P33: https://www.rsssf.org/colours/italy.html | Q33: Historical reference dated 2000. Traditional palette from a 2000 home-kit reference; not a current-season kit check.
A34: Cremonese | B34: Italy | C34: Serie B | D34: 2 | E34: Single division | F34: 2026/27 | G34: Domestic | H34: First team | J34: S07 | K34: https://sport.virgilio.it/calcio/squadre/ | L34: Grey | M34: Red | N34: Both colours | O34: Historical kit reference | P34: https://www.rsssf.org/colours/italy.html | Q34: Historical reference dated 2000. Traditional palette from a 2000 home-kit reference; not a current-season kit check.
A35: Empoli | B35: Italy | C35: Serie B | D35: 2 | E35: Single division | F35: 2026/27 | G35: Domestic | H35: First team | J35: S07 | K35: https://sport.virgilio.it/calcio/squadre/ | L35: Blue | M35: White | N35: Both colours | O35: Club colour plus documented accent | P35: https://it.wikipedia.org/wiki/Empoli_Football_Club | Q35: Blue is the defining colour; white is a documented badge/lettering accent.
A36: Hellas Verona | B36: Italy | C36: Serie B | D36: 2 | E36: Single division | F36: 2026/27 | G36: Domestic | H36: First team | J36: S07 | K36: https://sport.virgilio.it/calcio/squadre/ | L36: Blue | M36: Yellow | N36: Both colours | O36: Historical kit reference | P36: https://www.rsssf.org/colours/italy.html | Q36: Historical reference dated 2000. Traditional palette from a 2000 home-kit reference; not a current-season kit check.
A37: Juve Stabia | B37: Italy | C37: Serie B | D37: 2 | E37: Single division | F37: 2026/27 | G37: Domestic | H37: First team | J37: S07 | K37: https://sport.virgilio.it/calcio/squadre/ | L37: Yellow | M37: Blue | N37: Both colours | O37: Club colours reference | P37: https://it.wikipedia.org/wiki/Societ%C3%A0_Sportiva_Juve_Stabia
A38: Mantova | B38: Italy | C38: Serie B | D38: 2 | E38: Single division | F38: 2026/27 | G38: Domestic | H38: First team | J38: S07 | K38: https://sport.virgilio.it/calcio/squadre/ | L38: White | M38: Red | N38: Both colours | O38: Club colours reference | P38: https://it.wikipedia.org/wiki/Mantova_1911
A39: Modena | B39: Italy | C39: Serie B | D39: 2 | E39: Single division | F39: 2026/27 | G39: Domestic | H39: First team | J39: S07 | K39: https://sport.virgilio.it/calcio/squadre/ | L39: Yellow | M39: Blue | N39: Both colours | O39: Historical kit reference | P39: https://www.rsssf.org/colours/italy.html | Q39: Historical reference dated 2000. Traditional palette from a 2000 home-kit reference; not a current-season kit check.
A40: Padova | B40: Italy | C40: Serie B | D40: 2 | E40: Single division | F40: 2026/27 | G40: Domestic | H40: First team | J40: S07 | K40: https://sport.virgilio.it/calcio/squadre/ | L40: White | M40: Red | N40: Both colours | O40: Historical kit reference | P40: https://www.rsssf.org/colours/italy.html | Q40: Historical reference dated 2000. Traditional palette from a 2000 home-kit reference; not a current-season kit check.
A41: Palermo | B41: Italy | C41: Serie B | D41: 2 | E41: Single division | F41: 2026/27 | G41: Domestic | H41: First team | J41: S07 | K41: https://sport.virgilio.it/calcio/squadre/ | L41: Pink | M41: Black | N41: Both colours | O41: Historical kit reference | P41: https://www.rsssf.org/colours/italy.html | Q41: Historical reference dated 2000. Traditional palette from a 2000 home-kit reference; not a current-season kit check.
A42: Pisa | B42: Italy | C42: Serie B | D42: 2 | E42: Single division | F42: 2026/27 | G42: Domestic | H42: First team | J42: S07 | K42: https://sport.virgilio.it/calcio/squadre/ | L42: Black | M42: Blue | N42: Both colours | O42: Historical kit reference | P42: https://www.rsssf.org/colours/italy.html | Q42: Historical reference dated 2000. Traditional palette from a 2000 home-kit reference; not a current-season kit check.
A43: Sampdoria | B43: Italy | C43: Serie B | D43: 2 | E43: Single division | F43: 2026/27 | G43: Domestic | H43: First team | J43: S07 | K43: https://sport.virgilio.it/calcio/squadre/ | L43: Blue | M43: White | N43: Both colours | O43: Historical kit reference | P43: https://www.rsssf.org/colours/italy.html | Q43: Historical reference dated 2000. Traditional palette from a 2000 home-kit reference; not a current-season kit check. Red and black are also defining colours of the chest band.
A44: Südtirol | B44: Italy | C44: Serie B | D44: 2 | E44: Single division | F44: 2026/27 | G44: Domestic | H44: First team | J44: S07 | K44: https://sport.virgilio.it/calcio/squadre/ | L44: White | M44: Red | N44: Both colours | O44: Club colours reference | P44: https://it.wikipedia.org/wiki/Fussball_Club_S%C3%BCdtirol
A45: Vicenza | B45: Italy | C45: Serie B | D45: 2 | E45: Single division | F45: 2026/27 | G45: Domestic | H45: First team | J45: S07 | K45: https://sport.virgilio.it/calcio/squadre/ | L45: Red | M45: White | N45: Both colours | O45: Historical kit reference | P45: https://www.rsssf.org/colours/italy.html | Q45: Historical reference dated 2000. Traditional palette from a 2000 home-kit reference; not a current-season kit check.
A46: Virtus Entella | B46: Italy | C46: Serie B | D46: 2 | E46: Single division | F46: 2026/27 | G46: Domestic | H46: First team | J46: S07 | K46: https://sport.virgilio.it/calcio/squadre/ | L46: White | M46: Sky blue | N46: Both colours | O46: Club colours reference | P46: https://it.wikipedia.org/wiki/Virtus_Entella
A47: AlbinoLeffe | B47: Italy | C47: Serie C | D47: 3 | E47: Group A | F47: 2026/27 | G47: Domestic | H47: First team | J47: S08 | K47: https://it.blastingnews.com/calcio/2026/07/ultimora-serie-c-svelati-i-gironi-ufficiali-2026-27-004083523.html | L47: Blue | M47: Sky blue | N47: Both colours | O47: Club colours reference | P47: https://it.wikipedia.org/wiki/Unione_Calcio_AlbinoLeffe
A48: Alcione Milano | B48: Italy | C48: Serie C | D48: 3 | E48: Group A | F48: 2026/27 | G48: Domestic | H48: First team | J48: S08 | K48: https://it.blastingnews.com/calcio/2026/07/ultimora-serie-c-svelati-i-gironi-ufficiali-2026-27-004083523.html | L48: Orange | M48: Blue | N48: Both colours | O48: Club colours reference | P48: https://it.wikipedia.org/wiki/Alcione_Milano_Societ%C3%A0_Sportiva
A49: Arzignano Valchiampo | B49: Italy | C49: Serie C | D49: 3 | E49: Group A | F49: 2026/27 | G49: Domestic | H49: First team | J49: S08 | K49: https://it.blastingnews.com/calcio/2026/07/ultimora-serie-c-svelati-i-gironi-ufficiali-2026-27-004083523.html | L49: Yellow | M49: Sky blue | N49: Both colours | O49: Club colours reference | P49: https://it.wikipedia.org/wiki/Football_Club_Arzignano_Valchiampo
A50: Carpi | B50: Italy | C50: Serie C | D50: 3 | E50: Group A | F50: 2026/27 | G50: Domestic | H50: First team | J50: S08 | K50: https://it.blastingnews.com/calcio/2026/07/ultimora-serie-c-svelati-i-gironi-ufficiali-2026-27-004083523.html | L50: White | M50: Red | N50: Both colours | O50: Club colours reference | P50: https://it.wikipedia.org/wiki/Carpi_Football_Club_1909
A51: Cittadella | B51: Italy | C51: Serie C | D51: 3 | E51: Group A | F51: 2026/27 | G51: Domestic | H51: First team | J51: S08 | K51: https://it.blastingnews.com/calcio/2026/07/ultimora-serie-c-svelati-i-gironi-ufficiali-2026-27-004083523.html | L51: Garnet | M51: Not specified | N51: Primary only | O51: Club colours reference | P51: https://it.wikipedia.org/wiki/Associazione_Sportiva_Cittadella | Q51: The source names one defining colour; secondary colour requires verification.
A52: Desenzano | B52: Italy | C52: Serie C | D52: 3 | E52: Group A | F52: 2026/27 | G52: Domestic | H52: First team | J52: S08 | K52: https://it.blastingnews.com/calcio/2026/07/ultimora-serie-c-svelati-i-gironi-ufficiali-2026-27-004083523.html | L52: Blue | M52: White | N52: Both colours | O52: Official club reference | P52: https://www.calciodesenzano.it/2026/08/18/desenzano-f-c-presentata-la-nuova-maglia-away-2026-2027/ | Q52: Club describes its blue/white identity in the 2026/27 kit announcement; lighter blue shades also occur.
A53: Dolomiti Bellunesi | B53: Italy | C53: Serie C | D53: 3 | E53: Group A | F53: 2026/27 | G53: Domestic | H53: First team | J53: S08 | K53: https://it.blastingnews.com/calcio/2026/07/ultimora-serie-c-svelati-i-gironi-ufficiali-2026-27-004083523.html | L53: Pink | M53: Green | N53: Both colours | O53: Club colours reference | P53: https://it.wikipedia.org/wiki/Dolomiti_Bellunesi_(squadra_di_calcio) | Q53: Palette adopted in the 2024 rebrand; black is a third colour.
A54: Folgore Caratese | B54: Italy | C54: Serie C | D54: 3 | E54: Group A | F54: 2026/27 | G54: Domestic | H54: First team | J54: S08 | K54: https://it.blastingnews.com/calcio/2026/07/ultimora-serie-c-svelati-i-gironi-ufficiali-2026-27-004083523.html | L54: Blue | M54: Garnet | N54: Both colours | O54: Club colours reference | P54: https://it.wikipedia.org/wiki/Unione_Sportiva_Folgore_Caratese | Q54: The merged club adopted blue for home and garnet for away from its constituent clubs; blue is the principal colour.
A55: Giana Erminio | B55: Italy | C55: Serie C | D55: 3 | E55: Group A | F55: 2026/27 | G55: Domestic | H55: First team | J55: S08 | K55: https://it.blastingnews.com/calcio/2026/07/ultimora-serie-c-svelati-i-gironi-ufficiali-2026-27-004083523.html | L55: White | M55: Blue | N55: Both colours | O55: Club colours reference | P55: https://it.wikipedia.org/wiki/Associazione_Sportiva_Giana_Erminio | Q55: Black is an additional colour.
A56: Juventus Next Gen | B56: Italy | C56: Serie C | D56: 3 | E56: Group A | F56: 2026/27 | G56: Domestic | H56: Reserve team | J56: S08 | K56: https://it.blastingnews.com/calcio/2026/07/ultimora-serie-c-svelati-i-gironi-ufficiali-2026-27-004083523.html | L56: Black | M56: White | N56: Both colours | O56: Parent-club palette (inferred) | P56: https://www.rsssf.org/colours/italy.html | Q56: Uses the parent-club identity colours of Juventus; reserve-specific palette not independently confirmed. Parent source is a historical reference dated 2000.
A57: Lecco | B57: Italy | C57: Serie C | D57: 3 | E57: Group A | F57: 2026/27 | G57: Domestic | H57: First team | J57: S08 | K57: https://it.blastingnews.com/calcio/2026/07/ultimora-serie-c-svelati-i-gironi-ufficiali-2026-27-004083523.html | L57: Blue | M57: Sky blue | N57: Both colours | O57: Club colours reference | P57: https://it.wikipedia.org/wiki/Calcio_Lecco_1912
A58: Lumezzane | B58: Italy | C58: Serie C | D58: 3 | E58: Group A | F58: 2026/27 | G58: Domestic | H58: First team | J58: S08 | K58: https://it.blastingnews.com/calcio/2026/07/ultimora-serie-c-svelati-i-gironi-ufficiali-2026-27-004083523.html | L58: Red | M58: Blue | N58: Both colours | O58: Club colours reference | P58: https://it.wikipedia.org/wiki/Football_Club_Lumezzane
A59: Novara | B59: Italy | C59: Serie C | D59: 3 | E59: Group A | F59: 2026/27 | G59: Domestic | H59: First team | J59: S08 | K59: https://it.blastingnews.com/calcio/2026/07/ultimora-serie-c-svelati-i-gironi-ufficiali-2026-27-004083523.html | L59: Blue | M59: White | N59: Both colours | O59: Club colours reference | P59: https://it.wikipedia.org/wiki/Novara_Football_Club | Q59: White is the secondary colour in the traditional Biancoazzurri palette; blue is the main club colour.
A60: Ospitaletto Franciacorta | B60: Italy | C60: Serie C | D60: 3 | E60: Group A | F60: 2026/27 | G60: Domestic | H60: First team | J60: S08 | K60: https://it.blastingnews.com/calcio/2026/07/ultimora-serie-c-svelati-i-gironi-ufficiali-2026-27-004083523.html | L60: Orange | M60: Blue | N60: Both colours | O60: Club colours reference | P60: https://it.wikipedia.org/wiki/Associazione_Calcio_Ospitaletto
A61: Pergolettese | B61: Italy | C61: Serie C | D61: 3 | E61: Group A | F61: 2026/27 | G61: Domestic | H61: First team | J61: S08 | K61: https://it.blastingnews.com/calcio/2026/07/ultimora-serie-c-svelati-i-gironi-ufficiali-2026-27-004083523.html | L61: Yellow | M61: Blue | N61: Both colours | O61: Club colours reference | P61: https://it.wikipedia.org/wiki/Unione_Sportiva_Pergolettese_1932
A62: Pro Vercelli | B62: Italy | C62: Serie C | D62: 3 | E62: Group A | F62: 2026/27 | G62: Domestic | H62: First team | J62: S08 | K62: https://it.blastingnews.com/calcio/2026/07/ultimora-serie-c-svelati-i-gironi-ufficiali-2026-27-004083523.html | L62: White | M62: Black | N62: Both colours | O62: Club colour plus documented accent | P62: https://it.wikipedia.org/wiki/Football_Club_Pro_Vercelli_1892 | Q62: White is the defining colour; black is the traditional shorts/socks accent.
A63: Renate | B63: Italy | C63: Serie C | D63: 3 | E63: Group A | F63: 2026/27 | G63: Domestic | H63: First team | J63: S08 | K63: https://it.blastingnews.com/calcio/2026/07/ultimora-serie-c-svelati-i-gironi-ufficiali-2026-27-004083523.html | L63: Black | M63: Blue | N63: Both colours | O63: Club colours reference | P63: https://it.wikipedia.org/wiki/Associazione_Calcio_Renate
A64: Trento | B64: Italy | C64: Serie C | D64: 3 | E64: Group A | F64: 2026/27 | G64: Domestic | H64: First team | J64: S08 | K64: https://it.blastingnews.com/calcio/2026/07/ultimora-serie-c-svelati-i-gironi-ufficiali-2026-27-004083523.html | L64: Yellow | M64: Blue | N64: Both colours | O64: Club colours reference | P64: https://it.wikipedia.org/wiki/Associazione_Calcio_Trento_1921
A65: Treviso | B65: Italy | C65: Serie C | D65: 3 | E65: Group A | F65: 2026/27 | G65: Domestic | H65: First team | J65: S08 | K65: https://it.blastingnews.com/calcio/2026/07/ultimora-serie-c-svelati-i-gironi-ufficiali-2026-27-004083523.html | L65: Sky blue | M65: White | N65: Both colours | O65: Historical kit reference | P65: https://www.rsssf.org/colours/italy.html | Q65: Historical reference dated 2000. Traditional palette from a 2000 home-kit reference; not a current-season kit check.
A66: Union Brescia | B66: Italy | C66: Serie C | D66: 3 | E66: Group A | F66: 2026/27 | G66: Domestic | H66: First team | J66: S08 | K66: https://it.blastingnews.com/calcio/2026/07/ultimora-serie-c-svelati-i-gironi-ufficiali-2026-27-004083523.html | L66: Navy blue | M66: White | N66: Both colours | O66: Club colours reference | P66: https://it.wikipedia.org/wiki/Union_Brescia | Q66: The source describes the home base as dark blue and the traditional pairing as blue/white.
A67: Atalanta U23 | B67: Italy | C67: Serie C | D67: 3 | E67: Group B | F67: 2026/27 | G67: Domestic | H67: Reserve team | J67: S08 | K67: https://it.blastingnews.com/calcio/2026/07/ultimora-serie-c-svelati-i-gironi-ufficiali-2026-27-004083523.html | L67: Blue | M67: Black | N67: Both colours | O67: Parent-club palette (inferred) | P67: https://www.rsssf.org/colours/italy.html | Q67: Uses the parent-club identity colours of Atalanta; reserve-specific palette not independently confirmed. Parent source is a historical reference dated 2000.
A68: Campobasso | B68: Italy | C68: Serie C | D68: 3 | E68: Group B | F68: 2026/27 | G68: Domestic | H68: First team | J68: S08 | K68: https://it.blastingnews.com/calcio/2026/07/ultimora-serie-c-svelati-i-gironi-ufficiali-2026-27-004083523.html | L68: Red | M68: Blue | N68: Both colours | O68: Club colours reference | P68: https://it.wikipedia.org/wiki/Campobasso_Football_Club
A69: Forlì | B69: Italy | C69: Serie C | D69: 3 | E69: Group B | F69: 2026/27 | G69: Domestic | H69: First team | J69: S08 | K69: https://it.blastingnews.com/calcio/2026/07/ultimora-serie-c-svelati-i-gironi-ufficiali-2026-27-004083523.html | L69: White | M69: Red | N69: Both colours | O69: Club colours reference | P69: https://it.wikipedia.org/wiki/Forl%C3%AC_Football_Club
A70: Grosseto | B70: Italy | C70: Serie C | D70: 3 | E70: Group B | F70: 2026/27 | G70: Domestic | H70: First team | J70: S08 | K70: https://it.blastingnews.com/calcio/2026/07/ultimora-serie-c-svelati-i-gironi-ufficiali-2026-27-004083523.html | L70: White | M70: Red | N70: Both colours | O70: Club colours reference | P70: https://it.wikipedia.org/wiki/Unione_Sportiva_Grosseto_1912
A71: Gubbio | B71: Italy | C71: Serie C | D71: 3 | E71: Group B | F71: 2026/27 | G71: Domestic | H71: First team | J71: S08 | K71: https://it.blastingnews.com/calcio/2026/07/ultimora-serie-c-svelati-i-gironi-ufficiali-2026-27-004083523.html | L71: Red | M71: Blue | N71: Both colours | O71: Club colours reference | P71: https://it.wikipedia.org/wiki/Associazione_Sportiva_Gubbio_1910
A72: Guidonia Montecelio | B72: Italy | C72: Serie C | D72: 3 | E72: Group B | F72: 2026/27 | G72: Domestic | H72: First team | J72: S08 | K72: https://it.blastingnews.com/calcio/2026/07/ultimora-serie-c-svelati-i-gironi-ufficiali-2026-27-004083523.html | L72: Blue | M72: Red | N72: Both colours | O72: Club colours reference | P72: https://it.wikipedia.org/wiki/Guidonia_Montecelio_1937_Football_Club | Q72: Yellow is a third club colour.
A73: Latina | B73: Italy | C73: Serie C | D73: 3 | E73: Group B | F73: 2026/27 | G73: Domestic | H73: First team | J73: S08 | K73: https://it.blastingnews.com/calcio/2026/07/ultimora-serie-c-svelati-i-gironi-ufficiali-2026-27-004083523.html | L73: Black | M73: Blue | N73: Both colours | O73: Club colours reference | P73: https://it.wikipedia.org/wiki/Latina_Calcio_1932
A74: Livorno | B74: Italy | C74: Serie C | D74: 3 | E74: Group B | F74: 2026/27 | G74: Domestic | H74: First team | J74: S08 | K74: https://it.blastingnews.com/calcio/2026/07/ultimora-serie-c-svelati-i-gironi-ufficiali-2026-27-004083523.html | L74: Amaranth | M74: White | N74: Both colours | O74: Historical kit reference | P74: https://www.rsssf.org/colours/italy.html | Q74: Historical reference dated 2000. Traditional palette from a 2000 home-kit reference; not a current-season kit check. Black is an additional accent colour.
A75: Ostiamare | B75: Italy | C75: Serie C | D75: 3 | E75: Group B | F75: 2026/27 | G75: Domestic | H75: First team | J75: S08 | K75: https://it.blastingnews.com/calcio/2026/07/ultimora-serie-c-svelati-i-gironi-ufficiali-2026-27-004083523.html | L75: Violet | M75: White | N75: Both colours | O75: Club colours reference | P75: https://it.wikipedia.org/wiki/Associazione_Sportiva_Ostia_Mare_Lido_Calcio
A76: Perugia | B76: Italy | C76: Serie C | D76: 3 | E76: Group B | F76: 2026/27 | G76: Domestic | H76: First team | J76: S08 | K76: https://it.blastingnews.com/calcio/2026/07/ultimora-serie-c-svelati-i-gironi-ufficiali-2026-27-004083523.html | L76: Red | M76: White | N76: Both colours | O76: Historical kit reference | P76: https://www.rsssf.org/colours/italy.html | Q76: Historical reference dated 2000. Traditional palette from a 2000 home-kit reference; not a current-season kit check.
A77: Pescara | B77: Italy | C77: Serie C | D77: 3 | E77: Group B | F77: 2026/27 | G77: Domestic | H77: First team | J77: S08 | K77: https://it.blastingnews.com/calcio/2026/07/ultimora-serie-c-svelati-i-gironi-ufficiali-2026-27-004083523.html | L77: Blue | M77: White | N77: Both colours | O77: Historical kit reference | P77: https://www.rsssf.org/colours/italy.html | Q77: Historical reference dated 2000. Traditional palette from a 2000 home-kit reference; not a current-season kit check.
A78: Pianese | B78: Italy | C78: Serie C | D78: 3 | E78: Group B | F78: 2026/27 | G78: Domestic | H78: First team | J78: S08 | K78: https://it.blastingnews.com/calcio/2026/07/ultimora-serie-c-svelati-i-gironi-ufficiali-2026-27-004083523.html | L78: White | M78: Black | N78: Both colours | O78: Club colours reference | P78: https://it.wikipedia.org/wiki/Unione_Sportiva_Pianese
A79: Pineto | B79: Italy | C79: Serie C | D79: 3 | E79: Group B | F79: 2026/27 | G79: Domestic | H79: First team | J79: S08 | K79: https://it.blastingnews.com/calcio/2026/07/ultimora-serie-c-svelati-i-gironi-ufficiali-2026-27-004083523.html | L79: White | M79: Blue | N79: Both colours | O79: Club colours reference | P79: https://it.wikipedia.org/wiki/Associazione_Sportiva_Pineto_Calcio
A80: Ravenna | B80: Italy | C80: Serie C | D80: 3 | E80: Group B | F80: 2026/27 | G80: Domestic | H80: First team | J80: S08 | K80: https://it.blastingnews.com/calcio/2026/07/ultimora-serie-c-svelati-i-gironi-ufficiali-2026-27-004083523.html | L80: Yellow | M80: Red | N80: Both colours | O80: Historical kit reference | P80: https://www.rsssf.org/colours/italy.html | Q80: Historical reference dated 2000. Traditional palette from a 2000 home-kit reference; not a current-season kit check.
A81: Reggiana | B81: Italy | C81: Serie C | D81: 3 | E81: Group B | F81: 2026/27 | G81: Domestic | H81: First team | J81: S08 | K81: https://it.blastingnews.com/calcio/2026/07/ultimora-serie-c-svelati-i-gironi-ufficiali-2026-27-004083523.html | L81: Garnet | M81: Blue | N81: Both colours | O81: Historical kit reference | P81: https://www.rsssf.org/colours/italy.html | Q81: Historical reference dated 2000. Traditional palette from a 2000 home-kit reference; not a current-season kit check.
A82: Sambenedettese | B82: Italy | C82: Serie C | D82: 3 | E82: Group B | F82: 2026/27 | G82: Domestic | H82: First team | J82: S08 | K82: https://it.blastingnews.com/calcio/2026/07/ultimora-serie-c-svelati-i-gironi-ufficiali-2026-27-004083523.html | L82: Red | M82: Blue | N82: Both colours | O82: Official league reference | P82: https://www.lega-pro.com/campionato/squadre/girone-b/sambenedettese/
A83: Spezia | B83: Italy | C83: Serie C | D83: 3 | E83: Group B | F83: 2026/27 | G83: Domestic | H83: First team | J83: S08 | K83: https://it.blastingnews.com/calcio/2026/07/ultimora-serie-c-svelati-i-gironi-ufficiali-2026-27-004083523.html | L83: White | M83: Black | N83: Both colours | O83: Club colours reference | P83: https://it.wikipedia.org/wiki/Spezia_Calcio
A84: Torres | B84: Italy | C84: Serie C | D84: 3 | E84: Group B | F84: 2026/27 | G84: Domestic | H84: First team | J84: S08 | K84: https://it.blastingnews.com/calcio/2026/07/ultimora-serie-c-svelati-i-gironi-ufficiali-2026-27-004083523.html | L84: Red | M84: Blue | N84: Both colours | O84: Club colours reference | P84: https://it.wikipedia.org/wiki/Torres_(calcio)
A85: Vado | B85: Italy | C85: Serie C | D85: 3 | E85: Group B | F85: 2026/27 | G85: Domestic | H85: First team | J85: S08 | K85: https://it.blastingnews.com/calcio/2026/07/ultimora-serie-c-svelati-i-gironi-ufficiali-2026-27-004083523.html | L85: Red | M85: Blue | N85: Both colours | O85: Club colours reference | P85: https://it.wikipedia.org/wiki/Vado_Football_Club_1913
A86: Vis Pesaro | B86: Italy | C86: Serie C | D86: 3 | E86: Group B | F86: 2026/27 | G86: Domestic | H86: First team | J86: S08 | K86: https://it.blastingnews.com/calcio/2026/07/ultimora-serie-c-svelati-i-gironi-ufficiali-2026-27-004083523.html | L86: White | M86: Red | N86: Both colours | O86: Club colours reference | P86: https://it.wikipedia.org/wiki/Vis_Pesaro_dal_1898
A87: Audace Cerignola | B87: Italy | C87: Serie C | D87: 3 | E87: Group C | F87: 2026/27 | G87: Domestic | H87: First team | J87: S08 | K87: https://it.blastingnews.com/calcio/2026/07/ultimora-serie-c-svelati-i-gironi-ufficiali-2026-27-004083523.html | L87: Yellow | M87: Blue | N87: Both colours | O87: Club colours reference | P87: https://it.wikipedia.org/wiki/Societ%C3%A0_Sportiva_Audace_Cerignola
A88: Bari | B88: Italy | C88: Serie C | D88: 3 | E88: Group C | F88: 2026/27 | G88: Domestic | H88: First team | J88: S08 | K88: https://it.blastingnews.com/calcio/2026/07/ultimora-serie-c-svelati-i-gironi-ufficiali-2026-27-004083523.html | L88: White | M88: Red | N88: Both colours | O88: Historical kit reference | P88: https://www.rsssf.org/colours/italy.html | Q88: Historical reference dated 2000. Traditional palette from a 2000 home-kit reference; not a current-season kit check.
A89: Barletta | B89: Italy | C89: Serie C | D89: 3 | E89: Group C | F89: 2026/27 | G89: Domestic | H89: First team | J89: S08 | K89: https://it.blastingnews.com/calcio/2026/07/ultimora-serie-c-svelati-i-gironi-ufficiali-2026-27-004083523.html | L89: White | M89: Red | N89: Both colours | O89: Club colours reference | P89: https://it.wikipedia.org/wiki/Barletta_1922
A90: Casarano | B90: Italy | C90: Serie C | D90: 3 | E90: Group C | F90: 2026/27 | G90: Domestic | H90: First team | J90: S08 | K90: https://it.blastingnews.com/calcio/2026/07/ultimora-serie-c-svelati-i-gironi-ufficiali-2026-27-004083523.html | L90: Red | M90: Blue | N90: Both colours | O90: Club colours reference | P90: https://it.wikipedia.org/wiki/Casarano_Calcio
A91: Casertana | B91: Italy | C91: Serie C | D91: 3 | E91: Group C | F91: 2026/27 | G91: Domestic | H91: First team | J91: S08 | K91: https://it.blastingnews.com/calcio/2026/07/ultimora-serie-c-svelati-i-gironi-ufficiali-2026-27-004083523.html | L91: Red | M91: Blue | N91: Both colours | O91: Historical kit reference | P91: https://www.rsssf.org/colours/italy.html | Q91: Historical reference dated 2000. Traditional palette from a 2000 home-kit reference; not a current-season kit check.
A92: Catania | B92: Italy | C92: Serie C | D92: 3 | E92: Group C | F92: 2026/27 | G92: Domestic | H92: First team | J92: S08 | K92: https://it.blastingnews.com/calcio/2026/07/ultimora-serie-c-svelati-i-gironi-ufficiali-2026-27-004083523.html | L92: Red | M92: Blue | N92: Both colours | O92: Club colours reference | P92: https://it.wikipedia.org/wiki/Catania_Football_Club
A93: Cavese | B93: Italy | C93: Serie C | D93: 3 | E93: Group C | F93: 2026/27 | G93: Domestic | H93: First team | J93: S08 | K93: https://it.blastingnews.com/calcio/2026/07/ultimora-serie-c-svelati-i-gironi-ufficiali-2026-27-004083523.html | L93: Navy blue | M93: White | N93: Both colours | O93: Club colours reference | P93: https://it.wikipedia.org/wiki/Cavese_1919
A94: Cosenza | B94: Italy | C94: Serie C | D94: 3 | E94: Group C | F94: 2026/27 | G94: Domestic | H94: First team | J94: S08 | K94: https://it.blastingnews.com/calcio/2026/07/ultimora-serie-c-svelati-i-gironi-ufficiali-2026-27-004083523.html | L94: Red | M94: Blue | N94: Both colours | O94: Historical kit reference | P94: https://www.rsssf.org/colours/italy.html | Q94: Historical reference dated 2000. Traditional palette from a 2000 home-kit reference; not a current-season kit check.
A95: Crotone | B95: Italy | C95: Serie C | D95: 3 | E95: Group C | F95: 2026/27 | G95: Domestic | H95: First team | J95: S08 | K95: https://it.blastingnews.com/calcio/2026/07/ultimora-serie-c-svelati-i-gironi-ufficiali-2026-27-004083523.html | L95: Red | M95: Blue | N95: Both colours | O95: Club colours reference | P95: https://it.wikipedia.org/wiki/Football_Club_Crotone
A96: Foggia | B96: Italy | C96: Serie C | D96: 3 | E96: Group C | F96: 2026/27 | G96: Domestic | H96: First team | J96: S08 | K96: https://it.blastingnews.com/calcio/2026/07/ultimora-serie-c-svelati-i-gironi-ufficiali-2026-27-004083523.html | L96: Red | M96: Black | N96: Both colours | O96: Historical kit reference | P96: https://www.rsssf.org/colours/italy.html | Q96: Historical reference dated 2000. Traditional palette from a 2000 home-kit reference; not a current-season kit check.
A97: Giugliano | B97: Italy | C97: Serie C | D97: 3 | E97: Group C | F97: 2026/27 | G97: Domestic | H97: First team | J97: S08 | K97: https://it.blastingnews.com/calcio/2026/07/ultimora-serie-c-svelati-i-gironi-ufficiali-2026-27-004083523.html | L97: Yellow | M97: Blue | N97: Both colours | O97: Club colours reference | P97: https://it.wikipedia.org/wiki/Giugliano_Calcio_1928
A98: Inter U23 | B98: Italy | C98: Serie C | D98: 3 | E98: Group C | F98: 2026/27 | G98: Domestic | H98: Reserve team | J98: S08 | K98: https://it.blastingnews.com/calcio/2026/07/ultimora-serie-c-svelati-i-gironi-ufficiali-2026-27-004083523.html | L98: Blue | M98: Black | N98: Both colours | O98: Parent-club palette (inferred) | P98: https://www.rsssf.org/colours/italy.html | Q98: Uses the parent-club identity colours of Inter; reserve-specific palette not independently confirmed. Parent source is a historical reference dated 2000.
A99: Monopoli | B99: Italy | C99: Serie C | D99: 3 | E99: Group C | F99: 2026/27 | G99: Domestic | H99: First team | J99: S08 | K99: https://it.blastingnews.com/calcio/2026/07/ultimora-serie-c-svelati-i-gironi-ufficiali-2026-27-004083523.html | L99: White | M99: Green | N99: Both colours | O99: Club colours reference | P99: https://it.wikipedia.org/wiki/Societ%C3%A0_Sportiva_Monopoli_1966
A100: Picerno | B100: Italy | C100: Serie C | D100: 3 | E100: Group C | F100: 2026/27 | G100: Domestic | H100: First team | J100: S08 | K100: https://it.blastingnews.com/calcio/2026/07/ultimora-serie-c-svelati-i-gironi-ufficiali-2026-27-004083523.html | L100: Red | M100: Blue | N100: Both colours | O100: Club colours reference | P100: https://it.wikipedia.org/wiki/AZ_Picerno
A101: Potenza | B101: Italy | C101: Serie C | D101: 3 | E101: Group C | F101: 2026/27 | G101: Domestic | H101: First team | J101: S08 | K101: https://it.blastingnews.com/calcio/2026/07/ultimora-serie-c-svelati-i-gironi-ufficiali-2026-27-004083523.html | L101: Red | M101: Blue | N101: Both colours | O101: Club colours reference | P101: https://it.wikipedia.org/wiki/Potenza_Calcio
A102: Salernitana | B102: Italy | C102: Serie C | D102: 3 | E102: Group C | F102: 2026/27 | G102: Domestic | H102: First team | J102: S08 | K102: https://it.blastingnews.com/calcio/2026/07/ultimora-serie-c-svelati-i-gironi-ufficiali-2026-27-004083523.html | L102: Garnet | M102: Not specified | N102: Primary only | O102: Club colours reference | P102: https://it.wikipedia.org/wiki/Unione_Sportiva_Salernitana_1919 | Q102: The source names one defining colour; secondary identity colour not established.
...

Sheet Germany
A1: GERMANY | TEAM DIRECTORY | L1: CLUB COLOURS | REFERENCE DATA
